<?xml version="1.0" encoding="UTF-8"?>
<learner><head sortkey="TR538*0100*2000*02">
  <candidate><personnel><language>Spanish</language><age>21-25</age></personnel><score>23.00</score></candidate>
  <text>
     <answer1>
       <question_number>1</question_number>
       <exam_score>3.1</exam_score>
         <coded_answer>
          <p>12.12.0<NS type="M"></NS></p>
          <p>Dear Mr Robertson<NS type="RP"><i>;</i><c>,</c></NS></p>
          <p>I am writing <NS type="RT"><i>in</i><c>with</c></NS> reference to the programme for the English class<NS type="UP"><i>,</i></NS> that is going to spend three days in London. I have already read the programme, and I <NS type="RV"><i>agree with</i><c>like</c></NS> <NS type="RA"><i>that</i><c>it</c></NS>, I think that the class will like going <NS type="UT"><i>to</i></NS> <NS type="RP"><i>Sightseeing</i><c>sightseeing</c></NS> by bus and in the afternoon going <NS type="RT"><i>to</i><c>on</c></NS> <NS type="MD"><c>the</c></NS> <NS type="RP"><i>River</i><c>river</c></NS> trip to Greenwich<NS type="RP"><i>,</i><c>.</c></NS> Also, they can visit <NS type="MD"><c>the</c></NS> Science Museum, and they can <NS type="FV"><i>going</i><c>go</c></NS> <NS type="UT"><i>to</i></NS> <NS type="UD"><i>the</i></NS> shopping<NS type="RP"><i>, on</i><c>. On</c></NS> Wednesday 15 March they <NS type="MV"><c>are</c></NS> going to visit <NS type="RP"><i>The</i><c>the</c></NS> National Art Gallery, really, I think that is <NS type="MD"><c>a</c></NS> good programme.</p>
          <p>However, I think <NS type="W"><i>as well<NS type="UP"><i>,</i></NS> that the class would like to visit "The London Fashion and Leisure Show"</i><c>that the class would like to visit "The London Fashion and Leisure Show" as well</c></NS>, <NS type="MA"><c>it</c></NS> is on Tuesday from 10.00 <NS type="RP"><i>AM</i><c>am</c></NS> until 19.00 pm. They don't need to pay.</p>
          <p><NS type="UY"><i>In addition,</i></NS> I think <NS type="MA"><c>it</c></NS> is a good a idea, because they could go <NS type="W"><i><NS type="RY"><i>after</i><c>afterwards</c></NS> shopping</i><c>shopping afterwards</c></NS>, when they have <NS type="R"><i>a</i><c>some</c></NS> free time<NS type="RP"><i>,</i><c>.</c></NS> I am sure about that, they will <NS type="RV"><i>like</i><c>want</c></NS> to visit that place. <NS type="UY"><i>However, the</i><c>The</c></NS> programme could be changed just for a few hours, it is a great opportunity for everybody.</p>
          <p>Finally, I hope that you understand my personal opinion about the programme, I will understand <NS type="MC"><c>and</c></NS> accept <NS type="DD"><i>you</i><c>your</c></NS> personal opinion as well.</p>
          <p>I look forward <NS type="MT"><c>to</c></NS> hearing from you.</p>
          <p><NS type="DA"><i>Your</i><c>Yours</c></NS> <NS type="RY"><i>faithfully</i><c>sincerely</c></NS></p>
         </coded_answer>
     </answer1>
     <answer2>
       <question_number>2</question_number>
       <exam_score>3.1</exam_score>
         <coded_answer>
          <p>12.12.00</p>
          <p>My personal opinion about famous people, is <NS type="M"><c>that their lives are</c></NS> good in one way and bad in another way.</p>
          <p>I think that they live their life like <NS type="SX"><i>hat</i><c>that</c></NS>, because they want to live this life.</p>
          <p>They <NS type="TV"><i>doing</i><c>do</c></NS> everything just for money, <NS type="MC"><c>and</c></NS> sometimes<NS type="UP"><i>,</i></NS> they can make <NS type="DI"><i>theirs</i><c>their</c></NS> life easier than <NS type="RA"><i>they</i><c>it</c></NS> <NS type="MV"><c>would</c></NS> normally <NS type="RV"><i>do</i><c>be</c></NS>. It is true, they deserve to have a private life without <NS type="FN"><i>journalist</i><c>journalists</c></NS> following them all the time, however this <NS type="RN"><i>news</i><c>publicity</c></NS> <NS type="RV"><i><NS type="AGV"><i>give</i><c>gives</c></NS></i><c>brings</c></NS> them money, and <NS type="MD"><c>a</c></NS> <NS type="S"><i>confortable</i><c>comfortable</c></NS> life.</p>
          <p>Famous people, such as politicians and film stars, <NS type="UA"><i>they</i></NS> live <NS type="DY"><i>happy</i><c>happily</c></NS><NS type="UP"><i>,</i></NS> because they know that <NS type="R"><i>the</i><c>being</c></NS> famous <NS type="AGV"><i>mean</i><c>means</c></NS> <NS type="FV"><i>to be</i><c>being</c></NS> rich.</p>
          <p>They can travel around the world, buy everything, it is a good life, but at the same time, they must be <NS type="UD"><i>a</i></NS> very good <NS type="S"><i>peaple</i><c>people</c></NS>, because "<NS type="UD"><i>the</i></NS> <NS type="DN"><i>Famous</i><c>Fame</c></NS>" is just for a <NS type="R"><i>few</i><c>short</c></NS> time, nothing <NS type="RV"><i>is</i><c>lasts</c></NS> forever in this world.</p>
          <p>My personal opinion is that<NS type="UP"><i>,</i></NS> I think they aren't really happy, and they are selfish as well.</p>
          <p>I <NS type="RV"><i>do</i><c>would</c></NS> not really like <NS type="FV"><i>will be</i><c>to be</c></NS> a famous person, because you are not really <NS type="S"><i>yourselfh</i><c>yourself</c></NS>, and for me <NS type="MA"><c>that</c></NS> is the <NS type="FY"><i>more</i><c>most</c></NS> important thing.</p>
          <p><NS type="U"><i><NS type="DA"><i>Your</i><c>Yours</c></NS> faithfully</i></NS></p>
         </coded_answer>
     </answer2>
  </text>
</head></learner>
