<?xml version="1.0" encoding="UTF-8"?>
<learner><head sortkey="TR477*0102*2000*01">
  <candidate><personnel><language>Spanish</language><age>16-20</age></personnel><score>23.0</score></candidate>
  <text>
     <answer1>
       <question_number>1</question_number>
       <exam_score>2.3T</exam_score>
         <coded_answer>
          <p>Mr. Circle Theatre's Manager</p>
          <p>I am writing to you <NS type="FV"><i>complaining</i><c>to complain</c></NS> <NS type="RT"><i>for</i><c>about</c></NS> the Play you are advertising as the "London's Newest and Best Musical Show" in newspapers and leaflets. To tell you the truth, it has been the most disappointing experience <NS type="RT"><i>in</i><c>of</c></NS> my whole life. I cannot bear <NS type="MA"><c>it</c></NS> when somebody says something and then does just the <NS type="S"><i>opposit</i><c>opposite</c></NS> <NS type="UN"><i>way</i></NS>.</p>
          <p>To begin with, I would like to inform you, in case you do not know<NS type="MP"><c>,</c></NS> that the play does not start at 19.30 as it says <NS type="M"><c>in the advertisements</c></NS>. What is more <NS type="RA"><i>it</i><c>there</c></NS> <NS type="RV"><i>lasted</i><c>were</c></NS> 45 minutes of waiting <NS type="M"><c>before it</c></NS> <NS type="TV"><i>to start</i><c>started</c></NS> and <NS type="MA"><c>it</c></NS> did not <NS type="RV"><i>supply</i><c>satisfy</c></NS> all the expectations people had.</p>
          <p>On the other hand, despite the fact that you said that it was starring <NS type="UT"><i>by</i></NS> Danny Brook and Tina Truelove, I must tell you that Danny Brook did not appear at all. Instead of him there was another actor who <NS type="MV"><c>could</c></NS> neither act nor sing, <NS type="UC"><i>and,</i></NS> even though<NS type="UP"><i>,</i></NS> it was a Musical <NS type="UN"><i>Show</i></NS>.</p>
          <p>The last thing I would like to complain <NS type="RT"><i>for</i><c>about</c></NS> is that the Theatre Restaurant was closed<NS type="MP"><c>,</c></NS> because, as <NS type="R"><i>it said</i><c>we were told</c></NS>, of "VACATIONS". If <NS type="UT"><i>in</i></NS> the advertisements and leaflets <NS type="AGV"><i>says</i><c>say</c></NS> "VISIT OUR THEATRE RESTAURANT AFTER THE SHOW" there <NS type="AGV"><i>are</i><c>is</c></NS> <NS type="RD"><i>not</i><c>no</c></NS> <NS type="AGN"><i>reasons</i><c>reason</c></NS> for <NS type="MA"><c>it</c></NS> being closed. It should be <NS type="DJ"><i>opened</i><c>open</c></NS> at least until <NS type="R"><i>all people</i><c>everyone</c></NS> gets out of the place. It must be our <NS type="S"><i>decission</i><c>decision</c></NS> whether to stay and eat there, or not.</p>
          <p><NS type="ID"><i>To make it shorter</i><c>To cut a long story short</c></NS>, because of everything I have said <NS type="R"><i>before</i><c>above</c></NS>, the correct thing <NS type="W"><i>to do for me</i><c>for me to do</c></NS> is to ask for my money back, and for you <NS type="MA"><c>it</c></NS> is just <NS type="FV"><i>giving</i><c>to give</c></NS> it back to me because of all the <NS type="FN"><i>troubles</i><c>trouble</c></NS> and <NS type="DN"><i><NS type="IJ"><i>disappointings</i><c>disappointing</c></NS></i><c>disappointment</c></NS> <NS type="UN"><i>feeling</i></NS> you <NS type="TV"><i>made</i><c>have made</c></NS> me suffer. I am looking forward to <NS type="FV"><i>hear</i><c>hearing</c></NS> from you as soon as possible.</p>
         </coded_answer>
     </answer1>
     <answer2>
       <question_number>4</question_number>
       <exam_score>2.3T</exam_score>
         <coded_answer>
          <p>HOW HAS TECHNOLOGY CHANGED OUR <NS type="S"><i>DAYLY</i><c>DAILY</c></NS> <NS type="IN"><i>LIFES</i><c>LIVES</c></NS><NS type="MP"><c>?</c></NS></p>
          <p><NS type="W"><i>In times of our grandparents</i><c>In our grandparents' time</c></NS> life was so different<NS type="UP"><i>,</i></NS> that we cannot <NS type="S"><i>beleive</i><c>believe</c></NS> that this huge change to our <NS type="DJ"><i>day</i><c>daily</c></NS> life happened in only one hundred years or less.</p>
          <p>First, we have to admit that technology has really increased <NS type="R"><i>the</i><c>our</c></NS> <NS type="RN"><i>access to</i><c>ability</c></NS> <NS type="R"><i>communication</i><c>to communicate</c></NS>, <NS type="R"><i><NS type="IV"><i>traveling</i><c>travelling</c></NS></i><c>to travel</c></NS> and <NS type="FV"><i><NS type="IV"><i>geting</i><c>getting</c></NS></i><c>to get</c></NS> information. You can now know what <NS type="TV"><i>happens</i><c>is happening</c></NS> on the other side of the world<NS type="UP"><i>,</i></NS> at the same time <NS type="MT"><c>as</c></NS> it is happening. What is more, you can get the information you need in just one second by pressing the "enter" key <NS type="RT"><i>in</i><c>on</c></NS> a computer.</p>
          <p>Furthermore, as we all know, <NS type="DJ"><i>day</i><c>daily</c></NS> life <NS type="RP"><i>now a days</i><c>nowadays</c></NS> is quite <NS type="IJ"><i>simplier</i><c>simple</c></NS> and an example of this is that instead of buying a <NS type="S"><i>peice</i><c>piece</c></NS> of ice to cool drinks (as our grandparents used to do) we not only have a refrigerator but also a freezer in case you want it faster and <NS type="RJ"><i>cooler</i><c>colder</c></NS>. Strange as it seems, we now <NS type="UV"><i>can</i></NS> have <NS type="RQ"><i>every</i><c>all</c></NS> <NS type="MN"><c>types of</c></NS> machine or <NS type="S"><i>especialized</i><c>specialised</c></NS> technology to make our <NS type="DJ"><i>dayly</i><c>daily</c></NS> life more <NS type="S"><i>confortable</i><c>comfortable</c></NS> and less <NS type="RJ"><i>workable</i><c>stressful</c></NS>. Things that human beings used to do<NS type="UP"><i>,</i></NS> <NS type="W"><i>now are</i><c>are now</c></NS> being done by computers and machines more efficiently and rapidly.</p>
          <p><NS type="ID"><i>One the other hand</i><c>On the other hand</c></NS>, despite the fact that technology <NS type="AGV"><i>make</i><c>makes</c></NS> things easier in our <NS type="DJ"><i>day</i><c>daily</c></NS> life, the same happens in industries and companies where they use computers and machines instead of people. As people do not get <NS type="UD"><i>a</i></NS> <NS type="AGN"><i>job</i><c>jobs</c></NS> because <NS type="MA"><c>they</c></NS> <NS type="AGV"><i>is</i><c>are</c></NS> not needed they <NS type="RV"><i>get</i><c>fall</c></NS> into <NS type="DN"><i>poorness</i><c>poverty</c></NS>, criminal activities, <NS type="TV"><i><NS type="RV"><i>being</i><c>becoming</c></NS></i><c>become</c></NS> isolated and <NS type="R"><i>without the</i><c>have no</c></NS> <NS type="RN"><i>possibility</i><c>chance</c></NS> of getting a good education. This is the most <NS type="DJ"><i>terribly</i><c>terrible</c></NS> disadvantage technology has.</p>
          <p>With advantages and disadvantages, technology is <NS type="ID"><i>in our life</i><c>a fact of life</c></NS> and may represent an advance for some and a bad thing for others. <NS type="W"><i>Things and technology <NS type="AGV"><i>changes</i><c>change</c></NS> every day</i><c>Every day things and technology change</c></NS> our life, our jobs, our way of <NS type="FV"><i>face</i><c>facing</c></NS> the world, this is <NS type="CE">what differences both centuries, our grandparents' changes lasted to long to change human life</NS>.</p>
         </coded_answer>
     </answer2>
  </text>
</head></learner>
