<?xml version="1.0" encoding="UTF-8"?>
<learner><head sortkey="TR539*0102*2000*01">
  <candidate><personnel><language>Turkish</language><age>16-20</age></personnel><score>25.0</score></candidate>
  <text>
     <answer1>
       <question_number>1</question_number>
       <exam_score>3.2</exam_score>
         <coded_answer>
          <p>To the manager of the Circle Theatre.</p>
          <p>I am PINAR xxx. One week ago I watched your show. I was <NS type="RY"><i>so</i><c>very</c></NS> disappointed because I didn't find what I <NS type="TV"><i>expect</i><c>was expecting</c></NS> at your show.</p>
          <p>The first thing that <NS type="TV"><i><NS type="S"><i>dissapoint</i><c>disappoint</c></NS></i><c>disappointed</c></NS> me was the <NS type="DN"><i>starring</i><c>star</c></NS>. I expected to see Danny Brook because <NS type="RT"><i>at</i><c>on</c></NS> the paper that you <NS type="TV"><i>have given</i><c>gave</c></NS> to me it <NS type="TV"><i>wrote</i><c>was written</c></NS> that Danny Brook <NS type="TV"><i>came</i><c>was coming</c></NS> but there was a different actor. Then you wrote that it <NS type="TV"><i>start</i><c>started</c></NS> at 19.30 but it started at 20:15. You wrote that discounts <NS type="MV"><c>were</c></NS> available but they <NS type="TV"><i>are</i><c>were</c></NS> not available. You wrote <NS type="UC"><i>that</i></NS> "visit our restaurant after the show" so I didn't eat my supper, to eat at your restaurant<NS type="RP"><i>.</i><c>,</c></NS> but the <NS type="S"><i>reastaurant</i><c>restaurant</c></NS> was closed because the show started <NS type="MT"><c>at</c></NS> 20:15 and <NS type="S"><i>finissed</i><c>finished</c></NS> at 00.15 and the restaurant was <NS type="DJ"><i>opened</i><c>open</c></NS> until 00.00. Finally you wrote that <NS type="M"><c>it would be</c></NS> "your perfect evening out" but after all <NS type="AGD"><i>this</i><c>these</c></NS> problems how would you expect <NS type="R"><i>the</i><c>me</c></NS> to have a perfect evening out<NS type="RP"><i>.</i><c>?</c></NS></p>
          <p>After all <NS type="AGD"><i>this</i><c>these</c></NS> problems I became <NS type="S"><i>dissappointed</i><c>disappointed</c></NS><NS type="UP"><i>. Because</i><c> because</c></NS> <NS type="RA"><i>that</i><c>it</c></NS> was only a <NS type="MP"><i>week</i><c>week's</c></NS> holiday in London. If you <NS type="RV"><i>would</i><c>could</c></NS> give me some of my money back that would be a great <NS type="RN"><i>excuse</i><c>apology</c></NS> for the <NS type="RN"><i>loss</i><c>waste</c></NS> of time and my <NS type="DN"><i><NS type="S"><i>dissopointness</i><c>disappointness</c></NS></i><c>disappointment</c></NS>.</p>
         </coded_answer>
     </answer1>
     <answer2>
       <question_number>2</question_number>
       <exam_score>3.3</exam_score>
         <coded_answer>
          <p>Unfortunately, Pat wasn't good at keeping secrets. I <NS type="TV"><i>know</i><c>had known</c></NS> that before but I thought that he <NS type="TV"><i>may</i><c>might</c></NS> <NS type="TV"><i>change</i><c>have changed</c></NS>. I trusted him and told <NS type="MA"><c>him</c></NS> <NS type="UT"><i>about</i></NS> the <NS type="RN"><i>reality</i><c>truth</c></NS>. It was about Marine, who was our <NS type="S"><i>clase</i><c>close</c></NS> <NS type="AGN"><i>friends</i><c>friend</c></NS>.</p>
          <p>The reality was <NS type="MC"><c>that</c></NS> Marine's parents <NS type="TV"><i>are</i><c>were</c></NS> not her real parents, they found her in their <NS type="MP"><i>houses</i><c>house's</c></NS> garden. They <NS type="TV"><i>try</i><c>tried</c></NS> so many things to find her family<NS type="MP"><i> for</i><c>. For</c></NS> <NS type="RD"><i>one</i><c>a</c></NS> year they did everything to find her family but they couldn't find <NS type="MA"><c>them</c></NS>. In this one year they <NS type="TV"><i>spend</i><c>spent</c></NS> most of their time with Marine and they loved her so much and they <NS type="TV"><i>want</i><c>wanted</c></NS> to be her parents. When Marine was three years old a man came to their house and <NS type="SX"><i>sad</i><c>said</c></NS> that he <NS type="TV"><i>is</i><c>was</c></NS> Marine's father and <NS type="MA"><c>he</c></NS> <NS type="TV"><i><NS type="SX"><i>wont</i><c>want</c></NS></i><c>wanted</c></NS> to take her<NS type="RP"><i>.</i><c>,</c></NS> and he added that he <NS type="TV"><i>leave</i><c>left</c></NS> Marine because her mother <NS type="TV"><i>was dead</i><c>died</c></NS> two days after Marine's birth<NS type="UP"><i>.</i></NS> and the police thought Marine's father did this so they put him <NS type="RT"><i>on</i><c>in</c></NS> prison<NS type="MP"><i> he</i><c>. He</c></NS> had nobody that he <NS type="TV"><i>can</i><c>could</c></NS> give <NS type="RP"><i>marry</i><c>Marine</c></NS> <NS type="MT"><c>to</c></NS> so he <NS type="TV"><i>leave</i><c>left</c></NS> her <NS type="RT"><i>on</i><c>in</c></NS> their garden. <NS type="UD"><i>The</i></NS> Marine's real father <NS type="TV"><i>want</i><c>wanted</c></NS> her back but the other <NS type="AGN"><i><NS type="S"><i>cuples</i><c>couples</c></NS></i><c>couple</c></NS> didn't want to give her <NS type="MY"><c>back</c></NS> because they loved Marine so much. They <NS type="TV"><i>give</i><c>gave</c></NS> a lot of money to Marine's real father to <NS type="RV"><i>take</i><c>keep</c></NS> her. After that Marine's father <NS type="TV"><i>take</i><c>took</c></NS> the money &amp; left her. The <NS type="FN"><i><NS type="S"><i>cuples</i><c>couples</c></NS></i><c>couple</c></NS> couldn't <NS type="RV"><i>say</i><c>tell</c></NS> the <NS type="RN"><i>reality</i><c>truth</c></NS> to Marine because they were afraid of losing her.</p>
          <p>After I told <NS type="W"><i>the <NS type="RN"><i>reality</i><c>truth</c></NS> <NS type="UD"><i>the</i></NS> Pat</i><c>Pat the truth</c></NS><NS type="UP"><i>.</i></NS> Pat said this <NS type="R"><i>the</i><c>to</c></NS> Marine. Marine said to Pat <NS type="UC"><i>that</i></NS> "I <NS type="TV"><i>had <NS type="IV"><i>knowed</i><c>known</c></NS></i><c>knew</c></NS> that because I <NS type="TV"><i>talked</i><c>talk</c></NS> <NS type="RT"><i>with</i><c>to</c></NS> my real father every month but my parents <NS type="AGV"><i>doesn't</i><c>don't</c></NS> know that because I am waiting for them to <NS type="RV"><i>say</i><c>tell</c></NS> me the <NS type="RN"><i>reality</i><c>truth</c></NS>".</p>
         </coded_answer>
     </answer2>
  </text>
</head></learner>
