<?xml version="1.0" encoding="UTF-8"?>
<learner><head sortkey="TR617*0100*2000*02">
  <candidate><personnel><language>Turkish</language><age>21-25</age></personnel><score>25.00</score></candidate>
  <text>
     <answer1>
       <question_number>1</question_number>
       <exam_score>4.1</exam_score>
         <coded_answer>
          <p><NS type="MJ"><c>Dear</c></NS> Mr Robertson<NS type="RP"><i>;</i><c>,</c></NS></p>
          <p>I am glad about <NS type="MD"><c>the</c></NS> <NS type="DJ"><i>three days</i><c>three-day</c></NS> trip to London. I have seen your <NS type="RN"><i><NS type="S"><i>organasation</i><c>organisation</c></NS></i><c>itinerary</c></NS> for the trip. <NS type="RA"><i>That</i><c>It</c></NS> is really <NS type="S"><i>intresting</i><c>interesting</c></NS>.</p>
          <p><NS type="L"><i>Me and my <NS type="DN"><i>class friends</i><c>classmates</c></NS></i><c>My classmates and I</c></NS> have seen <NS type="SX"><i>ad</i><c>an</c></NS> advertisement for the London Fashion and Leisure Show and we really want to see that. This is the reason that I'm writing to you.</p>
          <p>The show is <NS type="RT"><i>in</i><c>on</c></NS> 14th March on <NS type="RP"><i>tuesday</i><c>Tuesday</c></NS>. <NS type="RA"><i>It</i><c>That</c></NS> <NS type="RV"><i>means</i><c>is</c></NS> <NS type="UT"><i>on</i></NS> <NS type="MD"><c>the</c></NS> second day of our trip and it starts at 10.00 in the morning <NS type="M"><c>and lasts</c></NS> <NS type="S"><i>untill</i><c>until</c></NS> 19.00. My friends told me that if we wake up early on <NS type="RP"><i>tuesday</i><c>Tuesday</c></NS> we can go to <NS type="MD"><c>the</c></NS> Science Museum <NS type="MT"><c>at</c></NS> about 8.00 in the morning. Your afternoon plan is <NS type="MV"><c>to go</c></NS> shopping but we can do our shopping on Wednesday afternoon because we will have <NS type="UV"><i>got</i></NS> <NS type="MQ"><c>some</c></NS> free time on Wednesday.</p>
          <p>I'd like to tell you something about the show. It is in <NS type="MD"><c>the</c></NS> Central Exhibition Hall and it is free <NS type="RT"><i>to</i><c>for</c></NS> students. It is <NS type="MD"><c>a</c></NS> great opportunity for us because when we go there we will <NS type="RV"><i>be aware of</i><c>learn</c></NS> about <NS type="MD"><c>the</c></NS> latest fashions news, we will see leisure and sports wear, all<NS type="MD"><c>the</c></NS> new <NS type="MP"><i>make up</i><c>make-up</c></NS> designers (<NS type="R">especially for girls</NS>) and different hairstyles.</p>
          <p>We are also enthusiastic about <NS type="R">your <NS type="S"><i>sightseing</i><c>sightseeing</c></NS> in bus</NS> and <NS type="MD"><c>the</c></NS> River trip to Greenwich on Monday and visiting <NS type="UT"><i>to</i></NS> <NS type="MD"><c>the</c></NS> National Art Gallery on Wednesday.</p>
          <p>I hope you will consider our suggestion about <NS type="RD"><i>your</i><c>the</c></NS> trip.</p>
          <p>Your student</p>
         </coded_answer>
     </answer1>
     <answer2>
       <question_number>3</question_number>
         <coded_answer>
          <p>Futuristic Designs Of People's Homes</p>
          <p>Technology <NS type="W"><i><NS type="TV"><i>has been improved</i><c>is being improved</c></NS> by human <NS type="FN"><i>being</i><c>beings</c></NS> rapidly</i><c>is rapidly being improved</c></NS>. This <NS type="DJ"><i>technologic</i><c>technological</c></NS> improvement is changing people's <NS type="IN"><i>lifes</i><c>lives</c></NS>, <NS type="CN"><i>behaviours</i><c>behaviour</c></NS><NS type="MP"><c>,</c></NS> even their homes. Can you imagine? What <NS type="AS"><i>people's homes will it be</i><c>will people's homes be</c></NS> like in fifty <NS type="MP"><i>years</i><c>years'</c></NS> time?</p>
          <p>I guess there will be more <NS type="AGN"><i>gadget</i><c>gadgets</c></NS> to <NS type="RV"><i>do</i><c>make</c></NS> <NS type="UQ"><i>some</i></NS> housework easier. Maybe there will be some robots to do our <NS type="CN"><i>ironings</i><c>ironing</c></NS>, <NS type="FV"><i>washing</i><c>wash</c></NS> our dishes, <NS type="FV"><i>cleaning</i><c>clean</c></NS> everywhere, <NS type="FV"><i>hoovering</i><c>hoover</c></NS>, etc. Will it make life easier? Maybe yes, maybe no. Of course these gadgets will do our hard <NS type="CN"><i>houseworks</i><c>housework</c></NS> but <NS type="RY">otherwise</NS> we will get lazy, we will lose <NS type="RD"><i>our</i><c>the</c></NS> <NS type="RN"><i>abilities</i><c>skills</c></NS> that we have now.</p>
          <p>Now IT (information technology) is <NS type="R">in</NS> our life. We can get everything we want to know from computers. It means we <NS type="TV"><i>won't need</i><c>don't need</c></NS> to go <NS type="RA"><i>somewhere</i><c>anywhere</c></NS> to get <NS type="RD"><i>some</i><c>the</c></NS> information we need. We'll be stuck to our computers at home. Whatever we need we order <NS type="RT"><i>from</i><c>via</c></NS> <NS type="UT"><i>to</i></NS> <NS type="MD"><c>the</c></NS> computer and someone will bring <NS type="MA"><c>it</c></NS>. It means we'll lose our social <NS type="FN"><i><NS type="IN"><i>lifes</i><c>lives</c></NS></i><c>life</c></NS>.</p>
          <p>But we can't stop <NS type="UT"><i>to</i></NS> <NS type="MD"><c>these</c></NS> <NS type="DJ"><i>technologic</i><c>technological</c></NS> <NS type="AGN"><i>improvement</i><c>improvements</c></NS>. We should use <NS type="AGA"><i>it</i><c>them</c></NS> in <NS type="S"><i>positif</i><c>positive</c></NS> ways. When people use <NS type="U"><i>to the</i></NS> technology they should know that <NS type="MA"><c>it</c></NS> is not everything. They should seek <NS type="UT"><i>to</i></NS> <NS type="RQ"><i>other</i><c>another</c></NS> <NS type="AGN"><i><NS type="IN"><i>lifes</i><c>lives</c></NS></i><c>life</c></NS> outside their homes.</p>
          <p>I guess that with technology people will <NS type="AS"><i>spend their life much more</i><c>spend much more of their life</c></NS> in their homes. It doesn't seem <NS type="W"><i>to me <NS type="RJ"><i>alright</i><c>right</c></NS></i><c>right to me</c></NS>. Our homes should just protect us <NS type="MT"><c>from</c></NS> <NS type="S"><i>dangeres</i><c>dangers</c></NS> from outside. But I believe <NS type="AGN"><i>human</i><c>humans</c></NS> will never forget what they used to be.</p>
          <p>Mankind has <NS type="W"><i>been always</i><c>always been</c></NS> seeking different things. <NS type="UP"><i>We'are</i><c>We are</c></NS> learning a lot of things about life<NS type="UP"><i>.</i></NS> and we are <NS type="RV"><NS type="SA"><i>practicing</i><c>practising</c></NS></NS> these <NS type="MN"><c>things</c></NS>. In the future life will be more <NS type="S"><i>artifitual</i><c>artificial</c></NS> than <NS type="RA"><i>I</i><c>it</c></NS> <NS type="TV"><i>had been</i><c>was</c></NS> <NS type="UY"><i>before</i></NS>.</p>
          <p><NS type="W"><i>Probably our homes will</i><c>Our homes will probably</c></NS> be smaller than now<NS type="RP"><i>. Because</i><c>, because</c></NS> <NS type="MD"><c>the</c></NS> human population is growing quickly and people prefer to stay <NS type="MT"><c>in</c></NS> big cities (like London, New York, Paris). It means there will be too many people in small areas. Then <NS type="RA"><i>there</i><c>they</c></NS> will <NS type="FV"><i>have been built</i><c>build</c></NS> smaller houses, flats, buildings, etc. Outside big cities there won't be any people at all. <NS type="AGD"><i>That</i><c>Those</c></NS> areas will just <NS type="TV"><i>use</i><c>be used</c></NS> for agriculture.</p>
          <p>Beyond the near future <NS type="RP"><i>may be</i><c>maybe</c></NS> our homes will be <NS type="MT"><c>in</c></NS> outer space<NS type="MP"><i> <NS type="AGA"><i>it</i><c>they</c></NS></i><c>. They</c></NS> will be <NS type="UD"><i>a</i></NS> <NS type="FN"><i>spaceship</i><c>spaceships</c></NS>. We'll travel around <NS type="UT"><i>to</i></NS> space. It is just an <NS type="RN"><i>imagination</i><c>idea</c></NS>.</p>
          <p>We live in <NS type="MD"><c>a</c></NS> <NS type="RJ"><i>changeable</i><c>changing</c></NS> world. Like everything our homes will change as well.</p>
         </coded_answer>
     </answer2>
  </text>
</head></learner>
