<?xml version="1.0" encoding="UTF-8"?>
<learner><head sortkey="TR588*0100*2000*01">
  <candidate><personnel><language>Polish</language><age>21-25</age></personnel><score>21.0</score></candidate>
  <text>
     <answer1>
       <question_number>1</question_number>
       <exam_score>2.2</exam_score>
         <coded_answer>
          <p>Thank you for that information. I <NS type="TV"><i>don't</i><c>didn't</c></NS> <NS type="FV"><i>expected</i><c>expect</c></NS> that I <NS type="TV"><i>can</i><c>could</c></NS> win <NS type="UT"><i>in</i></NS> <NS type="DD"><i>your's</i><c>your</c></NS> competition. I <NS type="RV"><i>like</i><c>want</c></NS> to travel only <NS type="MT"><c>in</c></NS> July <NS type="S"><i>becouse</i><c>because</c></NS> now I'm studying at National Academy of Defense and I don't have <NS type="UD"><i>a</i></NS> time for <NS type="S"><i>enything</i><c>anything</c></NS> else. When I <NS type="TV"><i>will arrive</i><c>arrive</c></NS><NS type="RP"><i>.</i><c>,</c></NS> I would prefer accommodation in Log cabins. I prefer that <NS type="S"><i>becouse</i><c>because</c></NS> I will travel with my wife and she always prefers that kind of accommodation. I tell you in <NS type="S"><i>sicryt</i><c>secret</c></NS> that<NS type="UP"><i>,</i></NS> I don't know <NS type="S"><i>whay</i><c>why</c></NS> she <NS type="AGV"><i>do</i><c>does</c></NS> that. You said that I will have the chance to do two activities, <NS type="S"><i>sou</i><c>so</c></NS> I choose swimming and sailing. I Love all <NS type="FN"><i>kind</i><c>kinds</c></NS> of water sports. In summer I always <NS type="AGV"><i>goes</i><c>go</c></NS> to <NS type="MD"><c>the</c></NS> seaside or some kind of lake to swim. I like to catch <NS type="S"><i>fisch</i><c>fish</c></NS> too. I think that I'm good at swimming. When I was young I <NS type="IV"><i>had been <NS type="S"><i>swimm</i><c>swim</c></NS></i><c>swam</c></NS> in many <NS type="AGN"><i>competition</i><c>competitions</c></NS>.</p>
          <p>My <NS type="DN"><i>live record</i><c>personal best</c></NS> is 27.66 for <NS type="S"><i>fivety</i><c>fifty</c></NS> meters. I would like to ask you about <NS type="MD"><c>the</c></NS> weather <NS type="RT"><i>at</i><c>in</c></NS> <NS type="UP"><i>California's</i><c>California</c></NS> <NS type="MT"><c>in</c></NS> <NS type="S"><i>Julay</i><c>July</c></NS>. What kind of clothes <NS type="W"><i>I should</i><c>should I</c></NS> bring with me<NS type="RP"><i>.</i><c>?</c></NS> Are there any <NS type="S"><i>discoteks</i><c>discotheques</c></NS> or something<NS type="MP"><c>?</c></NS> I would like to know if my wife can come with me, <NS type="S"><i>becouse</i><c>because</c></NS> <NS type="UP"><i>withou't</i><c>without</c></NS> <NS type="RA"><i>she</i><c>her</c></NS> I can't be there.</p>
         </coded_answer>
     </answer1>
     <answer2>
       <question_number>2</question_number>
       <exam_score>2.2</exam_score>
         <coded_answer>
          <p>Daily life at my school</p>
          <p>I'm studying at National Academy of Defense. There <NS type="AGV"><i>is</i><c>are</c></NS> about two <NS type="FN"><i>thousands</i><c>thousand</c></NS> students at my school. There are only men. Everybody gets up at six, and <NS type="MD"><c>the</c></NS> first <NS type="FN"><i>things</i><c>thing</c></NS> they do <NS type="UA"><i>it</i></NS> is run for about two <NS type="FN"><i><NS type="S"><i>thousends</i><c>thousands</c></NS></i><c>thousand</c></NS> five <NS type="S"><i>houndred</i><c>hundred</c></NS> <NS type="SA"><i>meters</i><c>metres</c></NS>. Then they take a <NS type="S"><i>schower</i><c>shower</c></NS> and everybody goes for breakfast. Usually I have eight lessons. Two times a week I have W-F. This is very important, <NS type="S"><i>becouse</i><c>because</c></NS> every soldier <NS type="S"><i>schould</i><c>should</c></NS> be strong.</p>
          <p>Today there was the sport competition in Basketball. My group of students won that competition for <NS type="MD"><c>the</c></NS> second time. <NS type="TV"><i>I'm not playing</i><c>I don't play</c></NS> basketball well, but my friends do. After this competition there was <NS type="UD"><i>a</i></NS> <NS type="IN"><i>mathematic</i><c>mathematics</c></NS>, and two <NS type="S"><i>houers</i><c>hours</c></NS> of biology. I don't like biology, <NS type="SX"><i>sow</i><c>so</c></NS> I <NS type="IV"><i>sleept</i><c>slept</c></NS> on the desk in a <NS type="UP"><i>class-room</i><c>classroom</c></NS>. I think that competitions should be filmed <NS type="S"><i>becouse</i><c>because</c></NS> my school is a kind of <NS type="UP"><i>sport's</i><c>sports</c></NS> school. On video there <NS type="S"><i>schould</i><c>should</c></NS> be <NS type="S"><i>howe</i><c>how</c></NS> we <NS type="UP"><i>get's</i><c>get</c></NS> up<NS type="RP"><i>. <NS type="S"><i>Houe</i><c>How</c></NS></i><c>, how</c></NS> we run, <NS type="S"><i>houe</i><c>how</c></NS> we eat breakfast. Then you should <NS type="S"><i>schow</i><c>show</c></NS> <NS type="S"><i>houe</i><c>how</c></NS> <NS type="S"><i>ouer</i><c>our</c></NS> school looks from outside. There <NS type="S"><i>schould</i><c>should</c></NS> be an <NS type="S"><i>intereview</i><c>interview</c></NS> <NS type="SX"><i>witch</i><c>with</c></NS> students and with <NS type="S"><i>profesons</i><c>professors</c></NS>. Daily life at my school <NS type="UC"><i>that</i></NS> is not only school and teachers and <NS type="S"><i>mathematicas</i><c>mathematics</c></NS> problems. There <NS type="AGV"><i>is</i><c>are</c></NS> <NS type="UD"><i>a</i></NS> military problems too. We <NS type="AGV"><i>spends</i><c>spend</c></NS> a lot of time outside the school during the military things. We must <NS type="S"><i>knou</i><c>know</c></NS> <NS type="S"><i>haue</i><c>how</c></NS> to use a gun, or <NS type="SX"><i>have</i><c>how</c></NS> to drive a tank. That kind of <NS type="FN"><i><NS type="SX"><i>thinks</i><c>things</c></NS></i><c>thing</c></NS> should be filmed somehow.</p>
         </coded_answer>
     </answer2>
  </text>
</head></learner>
