<?xml version="1.0" encoding="UTF-8"?>
<learner><head sortkey="TR544*0100*2000*01">
  <candidate><personnel><language>Portuguese</language><age>21-25</age></personnel><score>23.0</score></candidate>
  <text>
     <answer1>
       <question_number>1</question_number>
       <exam_score>2.3</exam_score>
         <coded_answer>
          <p>I'm <NS type="RJ"><i><NS type="S"><i>pleaseant</i><c>pleasant</c></NS></i><c>pleased</c></NS> to win the first prize in your competition - two weeks at Camp California in the USA.</p>
          <p>As I'm an <NS type="RN"><i>artist</i><c>art</c></NS> student <NS type="RT"><i>in</i><c>at</c></NS> a particular College, I <NS type="W"><i>only can</i><c>can only</c></NS> go to <NS type="UD"><i>your</i></NS> Camp California in July, because in <NS type="RD"><i>this</i><c>that</c></NS> month I <NS type="X"><i>got no</i><c>haven't got</c></NS> <NS type="MQ"><c>any</c></NS> <NS type="AGN"><i>class</i><c>classes</c></NS>, and I'm free to do whatever I want to. I'd like <NS type="MD"><c>a</c></NS> <NS type="AGN"><i>log cabins</i><c>log cabin</c></NS> <NS type="RT"><i>as</i><c>for</c></NS> my <NS type="S"><i>accomodation</i><c>accommodation</c></NS>, because it's safer and cleaner than <NS type="MD"><c>a</c></NS> <NS type="AGN"><i>tents</i><c>tent</c></NS> and I wouldn't share it <NS type="RT"><i>to</i><c>with</c></NS> anyone.</p>
          <p>Painting and Photography are <NS type="UD"><i>the</i></NS> <NS type="W"><i>activities good for me</i><c>good activities for me</c></NS>. They <NS type="RV"><i>fit to</i><c>suit</c></NS> <NS type="RA"><i>myself</i><c>me</c></NS> because my art work develops <NS type="UA"><i>itself</i></NS> in these areas. <NS type="RT"><i>In</i><c>Through</c></NS> Painting I talk about human beings in this world, <NS type="RT"><i>in</i><c>on</c></NS> big canvases; and <NS type="RT"><i>in</i><c>through</c></NS> Photography, <NS type="RT"><i>with</i><c>in</c></NS> Collages, I talk about anger and <NS type="DN"><i>guilty</i><c>guilt</c></NS> in the <NS type="UP"><i><NS type="FN"><i>families'</i><c>family's</c></NS></i><c>family</c></NS> <NS type="AGN"><i>lines</i><c>line</c></NS>. So <NS type="RT"><i>in</i><c>at</c></NS> Camp California I would like to keep <NS type="UA"><i>me</i></NS> <NS type="ID"><i>on touching to</i><c>in touch with</c></NS> these areas.</p>
          <p>I'd like to ask you to send me $1000 for my art knowledge. With this amount I could buy a lot of art books, and records. <NS type="RT"><i>In</i><c>To</c></NS> summarize, art and music need to be kept with me throughout these two weeks <NS type="R"><i>to</i><c>so I do</c></NS> not forget my artistic life.</p>
         </coded_answer>
     </answer1>
     <answer2>
       <question_number>3</question_number>
       <exam_score>3.1</exam_score>
         <coded_answer>
          <p><NS type="CE">Shopping is something made, which do not need to be enjoyable</NS>. We can <NS type="S"><i>analize</i><c>analyze</c></NS> when shopping is enjoyable, <NS type="MC"><c>and</c></NS> when it is not.</p>
          <p>There is joy in shopping when it is <NS type="RV"><i>made</i><c>done</c></NS> by ourselves <NS type="RT"><i>to</i><c>for</c></NS> ourselves. <NS type="RA"><i>It</i><c>That</c></NS> means buying whatever we like, <NS type="UY"><i>just</i></NS> like clothes, records, rings, and books. What we like is based <NS type="RT"><i>in</i><c>on</c></NS> our <NS type="FN"><i>relationship</i><c>relationships</c></NS> <NS type="RT"><i>to</i><c>with</c></NS> <NS type="AGQ"><i>another</i><c>other</c></NS> people, <NS type="R"><i>in the</i><c>at</c></NS> work or in the family. So we have <NS type="RJ"><i>enjoyable</i><c>fun</c></NS> when we buy what we like <NS type="R"><i>following</i><c>according to</c></NS> <NS type="RD"><i>another</i><c>other</c></NS> people's views.</p>
          <p>On the other hand, sickness in ourselves <NS type="MC"><c>or</c></NS> our relatives <NS type="TV"><i>made</i><c>makes</c></NS> us <NS type="RJ"><i>unhappy</i><c>reluctant</c></NS> to <NS type="RV"><i>buy</i><c>shop</c></NS>. It is an obligation <NS type="FV"><i>shopping</i><c>to shop</c></NS> <NS type="MT"><c>for</c></NS> medicines, clothes <NS type="RT"><i>to</i><c>for</c></NS> winter, <NS type="MP"><i>doctor</i><c>doctor's</c></NS> <NS type="S"><i>visites</i><c>visits</c></NS>, and so forth. A death in the family is <NS type="W"><i>not also</i><c>also not</c></NS> an enjoyable shopping experience, because it is <NS type="R">the highest point of the sickness</NS>. Buying coffins and <NS type="RN"><i>graveyards</i><c>graveyard plots</c></NS> to bury <NS type="S"><i>relatieves</i><c>relatives</c></NS> is not as enjoyable as buying clothes.</p>
          <p>In <NS type="DN"><i>summarizing</i><c>summary</c></NS> shopping can be enjoyable or not depending <NS type="RT"><i>of</i><c>on</c></NS> our <NS type="W"><i>healthy state</i><c>state of health</c></NS>. <NS type="FV"><i>Giving</i><c>To give</c></NS> examples: <NS type="MC"><c>if</c></NS> we are healthy we buy clothes and Records, we enjoy ourselves; <NS type="MC"><c>if</c></NS> we are sick, or our relatives <NS type="MV"><c>are</c></NS>, we buy medicines <NS type="MC"><c>and</c></NS> we <NS type="MV"><c>do</c></NS> not enjoy ourselves because it is an obligation.</p>
         </coded_answer>
     </answer2>
  </text>
</head></learner>
