<?xml version="1.0" encoding="UTF-8"?>
<learner><head sortkey="TR546*0102*2000*01">
  <candidate><personnel><language>Russian</language><age>21-25</age></personnel><score>21.0</score></candidate>
  <text>
     <answer1>
       <question_number>1</question_number>
       <exam_score>3.2</exam_score>
         <coded_answer>
          <p>Dear Sir/Madam!</p>
          <p>I'm a student from St. Petersburg, and I'm <NS type="IV"><i>studing</i><c>studying</c></NS> in a <NS type="RN"><i>theatre</i><c>drama</c></NS> <NS type="S"><i>acodimy</i><c>academy</c></NS>. My <NS type="S"><i>freind</i><c>friend</c></NS> &amp; came to London for an excursion. We were lucky to get tickets to the ,,Over the rainbow" show in your theatre.</p>
          <p>Danny Brook is my <NS type="S"><i>favorit</i><c>favourite</c></NS> actor &amp; to see him was my dream <NS type="RT"><i>from</i><c>since</c></NS> my childhood! It was a <NS type="S"><i>suprise</i><c>surprise</c></NS> when we were told there <NS type="TV"><i>will</i><c>would</c></NS> be another actor. Also<NS type="MP"><c>,</c></NS> we expected to get a <NS type="AGN"><i>discounts</i><c>discount</c></NS> as <NS type="UD"><i>a</i></NS> students, but international students cards are not <NS type="RJ"><i>available</i><c>valid</c></NS> in your <NS type="SA"><i>theater</i><c>theatre</c></NS> (that is very strange - even your <NS type="S"><i>advertisment</i><c>advertisement</c></NS> has <NS type="UD"><i>an</i></NS> information about discounts). Another problem - we were very hungry that evening because the show was <NS type="RV"><i><NS type="TV"><i>postpone</i><c>postponed</c></NS></i><c>delayed</c></NS> <NS type="MT"><c>for</c></NS> 45 minutes! <NS type="RP"><i>so</i><c>So</c></NS> we were late <NS type="RT"><i>to</i><c>for</c></NS> our supper in the hotel and <NS type="MD"><c>the</c></NS> theatre restaurant was also closed without any <NS type="S"><i>risons</i><c>reasons</c></NS> <NS type="MV"><c>given</c></NS>.</p>
          <p>In the <NS type="S"><i>advertisment</i><c>advertisement</c></NS> <NS type="AS"><i>it was written</i><c>it said</c></NS> ,,your perfect evening out!" , but it wasn't. And I think, <NS type="AS"><i>I <NS type="IV"><i>prooved</i><c>proved</c></NS> you this</i><c>I proved this to you</c></NS>.</p>
          <p>I'm waiting for your <NS type="S"><i>anser</i><c>answer</c></NS> and hope I can get my money back!</p>
         </coded_answer>
     </answer1>
     <answer2>
       <question_number>4</question_number>
       <exam_score>2.2</exam_score>
         <coded_answer>
          <p>How has modern technology changed (your) my daily life? <NS type="W"><i>Our days I would call</i><c>I would call our days</c></NS> <NS type="UD"><i>a</i></NS> days of great <NS type="S"><i>technologycal</i><c>technological</c></NS> progress. You can find changes everywhere. <NS type="R">Industrial <NS type="S"><i>weel</i><c>wheel</c></NS> going faster and faster.</NS></p>
          <p><NS type="MP"><i>Im</i><c>I'm</c></NS> dealing with <NS type="UD"><i>a</i></NS> mobile communication - mobile phones and <NS type="RN">papers</NS>. I can see how different firms <NS type="AGV"><i>produces</i><c>produce</c></NS> more &amp; more new mobile <NS type="AGN"><i>phone</i><c>phones</c></NS>. They <NS type="RV"><i>got</i><c>have</c></NS> more <NS type="S"><i>differet</i><c>different</c></NS> functions and <NS type="AGN"><i>form</i><c>forms</c></NS>.</p>
          <p>It is very <NS type="S"><i>intresting</i><c>interesting</c></NS> for me <NS type="R">how new works</NS>, <NS type="SX"><i>there</i><c>their</c></NS> <NS type="S"><i>possiblyties</i><c>possibilities</c></NS>.</p>
          <p>My job, I think is a good way to <NS type="RV"><i>become</i><c>get</c></NS> a <NS type="S"><i>profesion</i><c>profession</c></NS> in the future. And I hope to find a <NS type="DY"><i>realy</i><c>really</c></NS> good job in a good company. <NS type="MD"><i>Communication</i><c>The communication</c></NS> business is <NS type="UD"><i>a</i></NS> very progressive. More and more people <NS type="TV"><i><NS type="IV"><i>buing</i><c>buying</c></NS></i><c>buy</c></NS> mobile phones, because <NS type="AGA"><i>it</i><c>they</c></NS> <NS type="AGV"><i>is</i><c>are</c></NS> very <NS type="DJ"><i>usefull</i><c>useful</c></NS>, <NS type="R">you get a lot of <NS type="S"><i>possiblyties</i><c>possibilities</c></NS></NS> like: <NS type="FV"><i>use</i><c>using</c></NS> <NS type="RD"><i>an</i><c>the</c></NS> <NS type="RP"><i>internet</i><c>Internet</c></NS>, <NS type="FV"><i>buy</i><c>buying</c></NS> different goods, <NS type="FV"><i>book</i><c>booking</c></NS> tickets, <NS type="R"><NS type="FV"><i>control</i><c>controlling</c></NS> your home <NS type="DN">technic</NS></NS> and many <NS type="S"><i>authers</i><c>others</c></NS>. Mobile communication is a key to <NS type="S"><i>sucsess</i><c>success</c></NS> in all professions that we have!</p>
          <p>And I think that I made <NS type="RD"><i>a</i><c>the</c></NS> right choice <NS type="RT"><i>in</i><c>of</c></NS> <NS type="UD"><i>the</i></NS> profession - it is <NS type="MD"><c>the</c></NS> perfect combination: <NS type="MD"><c>a</c></NS> very <NS type="S"><i>progressiv</i><c>progressive</c></NS> <NS type="RN"><i>way</i><c>form</c></NS> of <NS type="UD"><i>a</i></NS> modern technology, and the most important thing - it is <NS type="DY"><i>extremly</i><c>extremely</c></NS> interesting <NS type="RT"><i>for</i><c>to</c></NS> me!</p>
         </coded_answer>
     </answer2>
  </text>
</head></learner>
