<?xml version="1.0" encoding="UTF-8"?>
<learner><head sortkey="TR638*0100*2000*02">
  <candidate><personnel><language>Chinese</language><age>16-20</age></personnel><score>17.00</score></candidate>
  <text>
     <answer1>
       <question_number>1</question_number>
       <exam_score>1.3</exam_score>
         <coded_answer>
          <p>Dear Mr Robertson,</p>
          <p>I am writing to <NS type="MA"><c>you</c></NS> <NS type="MT"><c>about</c></NS> your advertisement <NS type="RT"><i>about</i><c>for</c></NS> the "London Fashion" and "Leisure Show". Thank you for organising this <NS type="RJ"><i>good</i><c>excellent</c></NS> programme, especially the Leisure show, which <NS type="MV"><c>is</c></NS> very <NS type="DJ"><i>interest</i><c>interesting</c></NS> <NS type="MT"><c>to</c></NS> us. So all of our class would like to go to the show during <NS type="RD"><i>the</i><c>their</c></NS> three days in London. But there is a problem which I hope you can solve.</p>
          <p><NS type="RT"><i>According to</i><c>Concerning</c></NS> your advertisement, we were pleased to learn that we can do some different activities in London, which <NS type="TV"><i>included</i><c>include</c></NS> <NS type="UT"><i>in</i></NS> sightseeing by bus, <NS type="MD"><c>a</c></NS> River trip to Greenwich, <NS type="M"><c>visiting the</c></NS> Science Museum and National Art Gallery <NS type="MC"><c>and</c></NS> so on. The point is, The London Fashion and Leisure show will be fantastic. <NS type="RT"><i>From</i><c>At</c></NS> <NS type="AGA"><i>these</i><c>this</c></NS> we can see the latest <NS type="FN"><i>fashion</i><c>fashions</c></NS>, <NS type="S"><i>imagintive</i><c>imaginative</c></NS> <NS type="MP"><i>make up</i><c>make-up</c></NS> and hairstyles. What is more they are <NS type="R">the Leisure and sports wear</NS>, which we are keen on seeing <NS type="UA"><i>it</i></NS>. In your advertisement, you <NS type="TV"><i>had</i><c>have</c></NS> written "The show will be <NS type="RV"><i>help</i><c>held</c></NS> in <NS type="MD"><c>the</c></NS> Central Exhibition hall in London<NS type="RP"><i>, it</i><c>. It</c></NS> <NS type="RV"><i>starts</i><c>runs</c></NS> from 10 am to 7 pm on 14th March.<NS type="MP"><c>"</c></NS></p>
          <p>I think it is a great opportunity because I am sure we will enjoy ourselves. But I wonder if the timetable could <NS type="TV"><i>change</i><c>be changed</c></NS>, which <NS type="TV"><i>will</i><c>would</c></NS> be perfect. As you know, all of us want to <NS type="RV">join</NS> the programme, so if some students go to <NS type="MD"><c>the</c></NS> Science Museum, they will miss the wonderful show. For that reason, I suggest that you could change the activities. In my opinion, we <NS type="TV"><i>had better go</i><c>would be better going</c></NS> to <NS type="MD"><c>the</c></NS> show instead of <NS type="MD"><c>the</c></NS> science museum and <NS type="R">shopping</NS><NS type="RP"><i>, also</i><c>. Also</c></NS> we can go to <NS type="MD"><c>the</c></NS> Science Museum on 15th March, <NS type="UA"><i>which</i></NS> instead of <NS type="R"><i>the</i><c>having some</c></NS> free time in the afternoon.</p>
          <p>I am sorry to <NS type="RV"><i>make</i><c>cause</c></NS> <NS type="DA"><i>your</i><c>you</c></NS> <NS type="S"><i>inconveint</i><c>inconvenience</c></NS>. I hope it doesn't <NS type="RV"><i>make</i><c>cause</c></NS> <NS type="RQ"><i>some</i><c>any</c></NS> trouble if you accept my suggestion.</p>
          <p>I look forward to receiving your <NS type="SX"><i>apply</i><c>reply</c></NS> as soon as possible.</p>
          <p><NS type="DA"><i>your</i><c>yours</c></NS> sincerely,</p>
         </coded_answer>
     </answer1>
     <answer2>
       <question_number>4</question_number>
       <exam_score>2.3</exam_score>
         <coded_answer>
          <p>It was dangerous, but I knew I had to do it. Because.....</p>
          <p>Last night, when I went into my house it was quite <NS type="DJ"><i><NS type="S"><i>scilence</i><c>silence</c></NS></i><c>silent</c></NS>. I felt there might be something <NS type="MA"><c>that</c></NS> <NS type="TV"><i>has</i><c>had</c></NS> gone wrong. I found my parents sitting <NS type="R">in <NS type="FD"><i>a</i><c>an</c></NS> armchair</NS>. I could see sadness in my father's eyes. My mother came over to me and said softly, <NS type="RP"><i>; </i><c>"</c></NS><NS type="RP"><i>my</i><c>My</c></NS> dear, your father's company has <NS type="SX"><i>jut</i><c>just</c></NS> gone bankrupt', then she couldn't help crying. When I <NS type="TV"><i>hear</i><c>heard</c></NS> this bad news, I was very depressed because father worked quite hard for his company. My father always remembered his <NS type="S"><i>responsibily</i><c>responsibility</c></NS> was <NS type="AS"><i><NS type="FV"><i><NS type="RV"><i>giving</i><c>providing</c></NS></i><c>to provide</c></NS> <NS type="MD"><c>a</c></NS> good salary to his <NS type="FN"><i>worker</i><c>workers</c></NS></i><c>to provide his workers with a good salary</c></NS>, which is the <NS type="RN"><i>view</i><c>aim</c></NS> of his life.</p>
          <p>So I must find <NS type="UY"><i>out</i></NS> a <NS type="RN"><i>solution</i><c>way</c></NS> <NS type="UA"><i>which</i></NS> <NS type="FV"><i>can help</i><c>to help</c></NS> my great father. One day, I suddenly <NS type="RV"><i>got</i><c>had</c></NS> a good idea. 'Why not go to <NS type="MD"><c>the</c></NS> <NS type="RN"><i>sock</i><c>stock</c></NS> exchange?' I said to myself. Almost every day I <NS type="RV"><i>stayed</i><c>went</c></NS> <NS type="UT"><i>in</i></NS> there and <NS type="TV"><i>research</i><c>researched</c></NS> the exchange decline-line, which <NS type="TV"><i><NS type="AGV"><i>give</i><c>gives</c></NS></i><c>gave</c></NS> me lots of information <NS type="U"><i>from there</i></NS>. Finally, I <NS type="TV"><i>decide</i><c>decided</c></NS> to join <NS type="MY"><c>in</c></NS> the dangerous game, which <NS type="RV"><i>will</i><c>meant</c></NS> <NS type="FV"><i>lost</i><c>losing</c></NS> everything or suddenly <NS type="FV"><i>become</i><c>becoming</c></NS> <NS type="MD"><c>a</c></NS> millionaire. With luck, I <NS type="TV"><i>was won</i><c>won</c></NS> <NS type="RY">by chance</NS>.</p>
          <p>When I<NS type="MP"><c>,</c></NS> with mixed <NS type="RN"><i>mood</i><c>feelings</c></NS><NS type="MP"><c>,</c></NS> went home I found my parents were <NS type="S"><i>stooding</i><c>standing</c></NS> at the door <NS type="FV"><i>looked</i><c>looking</c></NS> <NS type="UT"><i>like</i></NS> very cheerful. 'Surely it doesn't mean that they have learnt the exciting news?' I said to myself <NS type="UY"><i>again</i></NS>. Much to my surprise, they told me in high <NS type="FN"><i>voice</i><c>voices</c></NS> that they never went bankrupt<NS type="RP"><i>, they</i><c>. They</c></NS> wanted to give me <NS type="FD"><i>a</i><c>an</c></NS> opportunity to do something impressive by myself. Now, they are both <NS type="DJ"><i>prouding</i><c>proud</c></NS> of me!</p>
         </coded_answer>
     </answer2>
  </text>
</head></learner>
