<?xml version="1.0" encoding="UTF-8"?>
<learner><head sortkey="TR16*0100*2000*01">
  <candidate><personnel><language>Portuguese</language><age>21-25</age></personnel><score>28.0</score></candidate>
  <text>
     <answer1>
       <question_number>1</question_number>
       <exam_score>4.1</exam_score>
         <coded_answer>
          <p>Dear Competition Organiser,</p>
          <p>I am writing to <NS type="RV"><i>replay</i><c>reply</c></NS> <NS type="MT"><c>to</c></NS> your letter and to ask <NS type="MT"><c>for</c></NS> more details about the competition.</p>
          <p>Firstly, I would like to say that I'm very glad to have been <NS type="IV"><i>choosen</i><c>chosen</c></NS> and I will do my best for this competition.</p>
          <p>As you asked in the letter, I would like to travel only <NS type="RT"><i>on</i><c>in</c></NS> <NS type="RP"><i>july</i><c>July</c></NS> because I work at the central library and I'm also having English classes, so I will just have holidays <NS type="RT"><i>on</i><c>in</c></NS> July. Is <NS type="RA"><i>it</i><c>that</c></NS> suitable for you?</p>
          <p>As you mentioned about the <NS type="S"><i>accomodation</i><c>accommodation</c></NS>, I would prefer <NS type="FV"><i>stay</i><c>to stay</c></NS> in <NS type="RD"><i>the</i><c>a</c></NS> <NS type="AGN"><i>tents</i><c>tent</c></NS>, because it's more exciting and I really love camping.</p>
          <p>I examined all the activities that you listed and I was disappointed to have to <NS type="FV"><i>chose</i><c>choose</c></NS> just two of them because in my opinion I'm good <NS type="RT"><i>in</i><c>at</c></NS> almost <NS type="MQ"><c>all</c></NS> of <NS type="AGQ"><i>this</i><c>these</c></NS> activities. However, I would choose sailing because I am <NS type="TV"><i><NS type="S"><i>facinating</i><c>fascinating</c></NS></i><c>fascinated</c></NS> with the sea and <NS type="RP"><i>it's</i><c>its</c></NS> <NS type="S"><i>misteries</i><c>mysteries</c></NS> and I also like the <NS type="S"><i>watter</i><c>water</c></NS>, the wind in my face... The other one I would choose is basketball <NS type="S"><i>becouse</i><c>because</c></NS> I'm tall and very fast with the ball.</p>
          <p>Finally I would like to know what kind of clothes <NS type="W"><i>are we</i><c>we are</c></NS> supposed to wear there, and about the money we are supposed <NS type="MV"><c>to bring</c></NS> to pay for food and things like that.</p>
          <p>I'm looking forward to receiving your prompt <NS type="RN"><i>replay</i><c>reply</c></NS>.</p>
          <p>sincerely</p>
          <p>Clara</p>
         </coded_answer>
     </answer1>
     <answer2>
       <question_number>4</question_number>
       <exam_score>3.2</exam_score>
         <coded_answer>
          <p>Dear Kim,</p>
          <p>I am writing to tell you some news and to ask a little bit about you.</p>
          <p>First of all, I'm going to tell the good news. Last month, I went to a pop concert with four bands <NS type="MV"><c>playing</c></NS>. It was <NS type="DJ"><i><NS type="S"><i>unbelivebly</i><c>unbelievably</c></NS></i><c>unbelievable</c></NS>!!!</p>
          <p>Although <NS type="RA"><i>it</i><c>there</c></NS> <NS type="AGV"><i>was</i><c>were</c></NS> <NS type="RP"><i>5.000</i><c>5,000</c></NS> thousand people there, people could walk and dance without any problem. It was very well organised<NS type="RP"><i>, the</i><c>.  The</c></NS> <NS type="FN"><i>shows</i><c>show</c></NS> started <NS type="U"><i>in the</i></NS> exactly <NS type="MT"><c>on</c></NS> time and the group <NS type="UV"><i>were</i></NS> <NS type="W"><i>well performed</i><c>performed well</c></NS> too. I <NS type="TV"><i>have contributed</i><c>contributed</c></NS> to the concert <NS type="MT"><c>by</c></NS> selling some tickets to my friends.</p>
          <p>However <NS type="MJ"><c>great</c></NS> the success of the concert, at the end of <NS type="MD"><c>the</c></NS> show some <NS type="R">full gays</NS> started a big <NS type="RN">confusion</NS> and some people <NS type="TV"><i>get</i><c>got</c></NS> hurt. It was depressing...</p>
          <p>Finally, I would like to know some news about you<NS type="RP"><i>,</i><c>.</c></NS> What have you done? <NS type="TV"><i>Be</i><c>Are</c></NS> you <NS type="IV"><i>studing</i><c>studying</c></NS> a lot?</p>
          <p>Please write me a letter as soon as possible!</p>
          <p>Love from</p>
          <p>Clara.</p>
         </coded_answer>
     </answer2>
  </text>
</head></learner>
