<?xml version="1.0" encoding="UTF-8"?>
<learner><head sortkey="TR639*0100*2000*02">
  <candidate><personnel><language>Russian</language><age>21-25</age></personnel><score>21.00</score></candidate>
  <text>
     <answer1>
       <question_number>1</question_number>
       <exam_score>3.2</exam_score>
         <coded_answer>
          <p>Dear Mr. Robertson<NS type="RP"><i>.</i><c>,</c></NS></p>
          <p>I am writing <NS type="ID"><i>on our class behalf</i><c>on behalf of our class</c></NS> to thank you for organising our <NS type="RT"><i>tour</i><c>trip</c></NS> <NS type="RT"><i>in</i><c>to</c></NS> London. Our class is very <NS type="RJ"><i><NS type="S"><i>appritiate</i><c>appreciative</c></NS></i><c>grateful to</c></NS> you for the <NS type="RJ"><i>good</i><c>excellent</c></NS> programme. <NS type="W"><i>Especially, we are</i><c>We are especially</c></NS> interested in the sightseeing by bus on Monday morning and the river trip to Greenwich <NS type="RT"><i>at</i><c>in</c></NS> the afternoon. It is a good idea to include the <NS type="DN"><i>visiting</i><c>visit</c></NS> <NS type="RT"><i>of</i><c>to</c></NS> the Science Museum and the National Art Gallery <NS type="RT"><i>at</i><c>in</c></NS> <NS type="MD"><c>the</c></NS> morning <NS type="UN"><i>time</i></NS> on Tuesday and Wednesday <NS type="DY"><i>respectivelly</i><c>respectively</c></NS>.</p>
          <p>However, the students in our class have seen an advertisement for the London Fashion and Leisure Show at the Central Exhibition Hall of London on Tuesday from 10 am to 7 p.m. All of us would like to go to the show. It is a great opportunity <NS type="RT"><i>because of</i><c>for</c></NS> the following reasons. Firstly, there will be <NS type="S"><i>leisur</i><c>leisure</c></NS> and sports wear and the latest <NS type="S"><i>fasions</i><c>fashions</c></NS>. Secondly, there will be <NS type="S"><i>exibitions</i><c>exhibitions</c></NS> about makeup and <NS type="RP"><i>hair styles</i><c>hairstyles</c></NS>. Moreover, <NS type="UD"><i>the</i></NS> entrance for students is free.</p>
          <p>We suggest changing our programme a little bit. Instead of <NS type="UP"><i>Wednesday's</i><c>Wednesday</c></NS> <NS type="MP"><i>afternoon</i><c>afternoon's</c></NS> free time we could visit the Science Museum. And on Tuesday we will enjoy the London <NS type="S"><i>fasion</i><c>fashion</c></NS> and Leisure Show till 19.00. After <NS type="W"><i>all we will</i><c>we will all</c></NS> be able <NS type="FV"><i>go</i><c>to go</c></NS> shopping.</p>
          <p>I am looking forward to <NS type="S"><i>recieving</i><c>receiving</c></NS> your positive reply. For <NS type="UD"><i>the</i></NS> further details you can contact me <NS type="R"><i>my</i><c>by</c></NS> phone <NS type="UN"><i>number</i></NS>.</p>
          <p>Yours sincerely</p>
         </coded_answer>
     </answer1>
     <answer2>
       <question_number>2</question_number>
       <exam_score>1.3</exam_score>
         <coded_answer>
          <p><NS type="R">Famous people. What does it <NS type="FV"><i>means</i><c>mean</c></NS>?</NS> <NS type="ID"><i>From my point of view</i><c>In my opinion</c></NS>, these are the people<NS type="UP"><i>,</i></NS> who stay <NS type="W"><i>all <NS type="MD"><c>the</c></NS> time in our <NS type="RN"><i>sigh</i><c>sight</c></NS></i><c>in our sight all the time</c></NS>. We <NS type="MV"><c>are</c></NS> <NS type="S"><i>intrsted</i><c>interested</c></NS> in <NS type="UP"><i>politicians's</i><c>politicians'</c></NS> and film <NS type="UP"><i>stars's</i><c>stars'</c></NS> <NS type="RN"><i>wear</i><c>clothes</c></NS>, <NS type="IN"><i>hobbys</i><c>hobbies</c></NS>, passions and <NS type="UD"><i>the</i></NS> intrigues. <NS type="R"><i>The</i><c>There are</c></NS> <NS type="S"><i>lardge</i><c>large</c></NS> numbers of <NS type="UD"><i>the</i></NS> journalists following them all the time, <NS type="R">even in <NS type="SX"><i>there</i><c>their</c></NS> private life</NS>.</p>
          <p>In my opinion, each human being has <NS type="MD"><c>a</c></NS> <NS type="AGN"><i>rights</i><c>right</c></NS> to be free. We can go for a <NS type="S"><i>wolk</i><c>walk</c></NS>, go shopping<NS type="MP"><c>,</c></NS> go to the cinema, <NS type="MV"><c>get</c></NS> <NS type="DV"><i><NS type="S"><i>marrige</i><c>marriage</c></NS></i><c>married</c></NS> or <NS type="TV"><i><NS type="S"><i>devorce</i><c>divorce</c></NS></i><c>divorced</c></NS>. Why <NS type="W"><i>famous people <NS type="TV"><i>couldn't</i><c>can't</c></NS></i><c>can't famous people</c></NS> do all <NS type="AGD"><i>this</i><c>these</c></NS> things? Why <NS type="W"><i>everybody must</i><c>must everybody</c></NS> know and <NS type="S"><i>tolk</i><c>talk</c></NS> about their private life? The most important thing <NS type="MV"><c>is</c></NS> that <NS type="UD"><i>the</i></NS> famous people are also normal people <NS type="RT"><i>as</i><c>like</c></NS> us. They live <NS type="RT"><i>as</i><c>like</c></NS> us, they <NS type="RV"><i>brief</i><c>breathe</c></NS> and eat <NS type="RT"><i>as</i><c>like</c></NS> us, they even <NS type="RV"><i><NS type="FV"><i>following</i><c>follow</c></NS></i><c>fall</c></NS> in love <NS type="RT"><i>as</i><c>like</c></NS> us. I think<NS type="UP"><i>,</i></NS> they <NS type="RV"><i>must</i><c>should</c></NS> have a normal<NS type="UP"><i>,</i></NS> private life without journalists following them all the time and without any <NS type="RJ">exact</NS> details about them <NS type="MV"><c>appearing</c></NS> in the different <NS type="RP"><i>newspaper's</i><c>newspapers'</c></NS> <NS type="DN">curiouses</NS>.</p>
         </coded_answer>
     </answer2>
  </text>
</head></learner>
