<?xml version="1.0" encoding="UTF-8"?>
<learner><head sortkey="TR446*0100*2000*01">
  <candidate><personnel><language>Thai</language><age>16-20</age></personnel><score>19.0</score></candidate>
  <text>
     <answer1>
       <question_number>1</question_number>
       <exam_score>2.2</exam_score>
         <coded_answer>
          <p>Dear Helen Ryan</p>
          <p>My name is Steven. <NS type="TV"><i><NS type="UP"><i>I'am</i><c>I am</c></NS></i><c>I was</c></NS> very <NS type="S"><i>serpride</i><c>surprised</c></NS> when I <NS type="TV"><i>get</i><c>got</c></NS> the letter from you<NS type="UP"><i>. And</i><c> and</c></NS> heard that I have <NS type="TV"><i>win</i><c>won</c></NS> the <NS type="S"><i>prise</i><c>prize</c></NS><NS type="UP"><i>. <NS type="FV"><i><NS type="S"><i>Goging</i><c>Going</c></NS></i><c>To go</c></NS></i><c> to go</c></NS> on a camp <NS type="MT"><c>in</c></NS> California in the U.S.A. for one week.</p>
          <p>And you need some <NS type="S"><i>imformation</i><c>information</c></NS> from me. About when would I like to go<NS type="RP"><i>? <NS type="UC"><i>And</i></NS></i><c>,</c></NS> I think I <NS type="MV"><c>would</c></NS> love <NS type="RP"><i>togo</i><c>to go</c></NS> <NS type="RT"><i>on</i><c>in</c></NS> July<NS type="RP"><i>. Because</i><c>, because</c></NS> <NS type="MA"><c>it</c></NS> is <NS type="MD"><c>a</c></NS> good time for camping and the weather is lovely at this time of the year.</p>
          <p>And the most important reason is because <NS type="UP"><i>I'</i><c>I</c></NS> am still a student. And I study at London International School. So July is my end of year holiday. So I <NS type="MV"><c>would</c></NS> be happy to go <NS type="RT"><i>on</i><c>in</c></NS> <NS type="RP"><i>july</i><c>July</c></NS>. And about the accommodation at camp<NS type="RP"><i>.</i><c>,</c></NS> I <NS type="MV"><c>would</c></NS> like to <NS type="FV"><i>stays</i><c>stay</c></NS> in <NS type="MD"><c>a</c></NS> tent because it <NS type="AGV"><i>have</i><c>has</c></NS> more <NS type="M"><c>of a</c></NS> feeling <NS type="RT"><i>about</i><c>of</c></NS> <NS type="MD"><c>the</c></NS> adventure that's <NS type="TV"><i>call</i><c>called</c></NS> camping. And in the letter that you <NS type="TV"><i>send</i><c>sent</c></NS> to me <NS type="MA"><c>you</c></NS> also <NS type="UP"><i><NS type="S"><i>whant's</i><c>want's</c></NS></i><c>want</c></NS> me to choose two activities to do while I <NS type="TV"><i>was</i><c>am</c></NS> at the camp. So I will choose two activities that I <NS type="MV"><c>am</c></NS> good at and not good at. The first one is the one that I <NS type="MV"><c>am</c></NS> good at <NS type="M"><c>and it</c></NS> is Basketball. I <NS type="DY"><i>use</i><c>usually</c></NS> <NS type="TV"><i>to play</i><c>play</c></NS> basketball at school and play for <NS type="MD"><c>the</c></NS> school team. And the second <NS type="AGN"><i>activities</i><c>activity</c></NS> is the one that I <NS type="MV"><c>am</c></NS> not good at <NS type="RC"><i>or</i><c>and</c></NS> I <NS type="TV"><i>never try</i><c>have never tried</c></NS> <NS type="UA"><i>it</i></NS> before is surfing. I <NS type="MV"><c>would</c></NS> love to try surfing because it is a very <NS type="S"><i>interessting</i><c>interesting</c></NS> sport and <NS type="AGV"><i>use</i><c>uses</c></NS> a lot of power and <NS type="S"><i>enigy</i><c>energy</c></NS> so now is the end of the letter. And I want to know more about the money<NS type="MP"><i> can</i><c>. Can</c></NS> you give me more <NS type="S"><i>imformation</i><c>information</c></NS> about the money that I need to bring <NS type="S"><i>whith</i><c>with</c></NS> me<NS type="MP"><c>?</c></NS></p>
          <p>Thank you for <NS type="RP"><i>every <NS type="AGN"><i>things</i><c>thing</c></NS></i><c>everything</c></NS></p>
          <p><NS type="DA"><i>Your</i><c>Yours</c></NS> sincerely</p>
          <p>Frank Steven.</p>
         </coded_answer>
     </answer1>
     <answer2>
       <question_number>3</question_number>
       <exam_score>2.2</exam_score>
         <coded_answer>
          <p>Shopping is not always enjoyable.</p>
          <p>Now let's start <NS type="S"><i>whith</i><c>with</c></NS> shopping at <NS type="MD"><c>the</c></NS> Beverley <NS type="SA"><i>Center</i><c>Centre</c></NS>. <NS type="MD"><c>The</c></NS> Beverley <NS type="SA"><i>Center</i><c>Centre</c></NS> area is the place that the <NS type="AGN"><i>teenager</i><c>teenagers</c></NS> like to go shopping <NS type="MT"><c>at</c></NS> the most. But some <NS type="AGN"><i>teenager</i><c>teenagers</c></NS> like to go to <NS type="UP"><i>Bolton-Market</i><c>Bolton Market</c></NS>. Because <NS type="RP"><i>every one</i><c>everyone</c></NS> <NS type="R"><NS type="AGV"><i>have</i><c>has</c></NS> different thinking like <NS type="RP"><i>beverley <NS type="SA"><i>center</i><c>centre</c></NS></i><c>Beverley Centre</c></NS></NS> if you <NS type="MV"><c>go</c></NS> there every day or every week for <NS type="UD"><i>a</i></NS> shopping you <NS type="SX"><i>well</i><c>will</c></NS> get very <NS type="RJ"><i>boring</i><c>bored</c></NS> because <NS type="RP"><i>some <NS type="FN"><i>time</i><c>times</c></NS></i><c>sometimes</c></NS> <NS type="MA"><c>there</c></NS> <NS type="AGV"><i>is</i><c>are</c></NS> <NS type="SX"><i>to</i><c>too</c></NS> <NS type="CQ"><i>much</i><c>many</c></NS> people <NS type="RP"><i>every where</i><c>everywhere</c></NS><NS type="MP"><c>,</c></NS> like in the <NS type="FN"><i><NS type="S"><i>resturant</i><c>restaurant</c></NS></i><c>restaurants</c></NS> and shops. <NS type="UV"><i>It's</i><c>It</c></NS> <NS type="AGV"><i>make</i><c>makes</c></NS> you feel <NS type="MA"><c>you</c></NS> want to go home. And about the traffic<NS type="MP"><c>,</c></NS> <NS type="RP"><i>some times</i><c>sometimes</c></NS> it makes you feel <NS type="MA"><c>you</c></NS> don't want to go out because of the traffic. And if you never <NS type="R">know money or you have less money</NS> shopping is not enjoyable for you <NS type="UP"><i>I'am</i><c>I am</c></NS> <NS type="S"><i>choue</i><c>sure</c></NS>. And shopping in the market is one <NS type="SX"><i>think</i><c>thing</c></NS> that <NS type="UP"><i>I'</i><c>I</c></NS> am not going to do<NS type="RP"><i>. Because</i><c>, because</c></NS> all the <NS type="FN"><i>smell</i><c>smells</c></NS> in the market <NS type="AGV"><i>is</i><c>are</c></NS> <NS type="S"><i>alfrell</i><c>awful</c></NS> <NS type="MP"><c>-</c></NS> <NS type="MA"><c>there</c></NS> is the smell of the meat and <NS type="S"><i>durty</i><c>dirty</c></NS> water<NS type="MP"><c>,</c></NS> black and <NS type="S"><i>smely</i><c>smelly</c></NS> water<NS type="MP"><c>,</c></NS> all over the <NS type="R">market street</NS>. <NS type="R">I think of it it's make my shopping enjoyable</NS>. And that's why <NS type="RP"><i>some <NS type="FN"><i>time</i><c>times</c></NS></i><c>sometimes</c></NS> shopping is enjoyable<NS type="RP"><i>. Because</i><c>, because</c></NS> <NS type="MT"><c>of</c></NS> the place and people.</p>
         </coded_answer>
     </answer2>
  </text>
</head></learner>
