<?xml version="1.0" encoding="UTF-8"?>
<learner><head sortkey="TR620*0100*2000*02">
  <candidate><personnel><language>Thai</language><age>26-30</age></personnel><score>0.00</score></candidate>
  <text>
     <answer1>
       <question_number>1</question_number>
       <exam_score>0</exam_score>
         <coded_answer>
          <p>Dear Mr Robertson</p>
          <p><NS type="ID"><i>I'm sorry about writing</i><c>I'm sorry to have to write</c></NS> <NS type="RD"><i>the</i><c>this</c></NS> <NS type="RP"><i>Letter</i><c>letter</c></NS> <NS type="RT"><i><NS type="RP"><i>For</i><c>for</c></NS></i><c>to</c></NS> you.</p>
          <p>I need some <NS type="W"><i>information about <NS type="MD"><c>the</c></NS> programme more</i><c>more information about the programme</c></NS>. Because <NS type="UT"><i>in</i></NS> my class want to go <NS type="M"><c>to the</c></NS> London Fashion and Leisure show <NS type="RT"><i>in</i><c>during</c></NS> your programme <NS type="MC"><c>and</c></NS> we need some <NS type="AGN"><i>timetable</i><c>timetables</c></NS> and <NS type="S">frieds</NS><NS type="U"><i>. For</i></NS> <NS type="FV"><i>go</i><c>to go</c></NS> <NS type="SX"><i>their</i><c>there</c></NS>. <NS type="DA"><i><NS type="RP"><i>your</i><c>Your</c></NS></i><c>You</c></NS> <NS type="TV"><i>don't</i><c>didn't</c></NS> tell <NS type="MA"><c>us</c></NS> any <NS type="FN"><i><NS type="S"><i>detile</i><c>detail</c></NS></i><c>details</c></NS> about how <NS type="SX"><i>must</i><c>much</c></NS> <NS type="MD"><c>the</c></NS> <NS type="AS"><i><NS type="S"><i>coses</i><c>costs</c></NS> <NS type="RP"><i>For</i><c>for</c></NS> ticket</i><c>ticket costs</c></NS> <NS type="UT"><i>for</i></NS> <NS type="FV"><i>go</i><c>to go</c></NS> <NS type="S"><i>in siend</i><c>inside</c></NS>.</p>
          <p>In my <NS type="CE">class room <NS type="S">somary</NS> people stay <NS type="S"><i>out sied</i><c>outside</c></NS> London about 50% in my class room</NS> and everyone <NS type="MV"><c>is</c></NS> <NS type="S"><i>verry</i><c>very</c></NS> <NS type="MJ"><c>worried</c></NS> about <NS type="RP"><i>How</i><c>how</c></NS> <NS type="UV"><i>can</i></NS> they can stay <NS type="RT"><i>in</i><c>for</c></NS> three days in London. Can you <NS type="SX"><i>tall</i><c>tell</c></NS> us about this<NS type="RP"><i>.</i><c>?</c></NS> <NS type="RP"><i>and</i><c>And</c></NS> we're very <NS type="RJ"><i><NS type="S"><i>exsciting</i><c>exciting</c></NS></i><c>excited</c></NS> about <NS type="DD"><i>you</i><c>your</c></NS> programme. <NS type="RP"><i>and</i><c>And</c></NS> then we want <NS type="SX"><i>too</i><c>to</c></NS> know about Fashion and Leisure <NS type="CE">in your information For Students Free</NS>. <NS type="CE"><NS type="RP"><i>we</i><c>We</c></NS> don't play any ticket</NS> and in your information <NS type="MA"><c>you</c></NS> <NS type="AGV"><i>tells</i><c>tell</c></NS> <NS type="MA"><c>us</c></NS> <NS type="R"><i>about</i><c>that</c></NS> on Monday morning we <NS type="TV"><i>go</i><c>are going</c></NS> by bus<NS type="MP"><i> could</i><c>. Could</c></NS> you <NS type="AGV"><i>tells</i><c>tell</c></NS> <NS type="MA"><c>us</c></NS> <NS type="MQ"><c>some</c></NS> <NS type="W"><i><NS type="AGN"><i><NS type="S"><i>detile</i><c>detail</c></NS></i><c>details</c></NS> about <NS type="MD"><c>the</c></NS> morning more</i><c>more details about the morning</c></NS><NS type="RP"><i>, and</i><c>. And</c></NS> we want to know about <NS type="CE">on Tuesday Afternoon you tell For shopping we don't know about where about shopping in London</NS>. <NS type="S"><i>Becauses</i><c>Because</c></NS> in London <NS type="MA"><c>there</c></NS> <NS type="RV"><i><NS type="TV"><i>got</i><c>get</c></NS></i><c>are</c></NS> a lot <NS type="MT"><c>of</c></NS> shopping <NS type="AGN"><i>place</i><c>places</c></NS><NS type="MP"><c>,</c></NS> can you <NS type="SX"><i>tall</i><c>tell</c></NS> us about shopping and <NS type="CE">the time For spend or day</NS><NS type="RP"><i>.</i><c>?</c></NS></p>
          <p><NS type="FV"><i>Thanks</i><c>Thank</c></NS> you <NS type="CE">For any <NS type="S"><i>detile</i><c>detail</c></NS> more I think we go with you</NS> and enjoy <NS type="R"><i>and</i><c>a</c></NS> <NS type="RP"><i><NS type="S"><i>Fantatics</i><c>Fantastic</c></NS></i><c>fantastic</c></NS> programme.</p>
          <p><NS type="DD"><i>your</i><c>yours</c></NS> sincerely</p>
         </coded_answer>
     </answer1>
     <answer2>
       <question_number>4</question_number>
       <exam_score>0</exam_score>
         <coded_answer>
          <p>In my college <NS type="R">butty</NS></p>
          <p>It was dangerous, but I knew I had to do it</p>
          <p>If I <NS type="SX"><i>tall</i><c>tell</c></NS> <NS type="S"><i>someting</i><c>something</c></NS> <NS type="CE">in the college baby someone like or dislike about my story but I think my story it very good for someone</NS>.</p>
          <p><NS type="CE">In my college have got a new student every Monday and very big college around heir. and we <NS type="RV"><i>got</i><c>have got</c></NS> three <NS type="AGN"><i><NS type="S"><i>buillding</i><c>building</c></NS></i><c>buildings</c></NS> and we <NS type="RV"><i>got</i><c>have got</c></NS> <NS type="RP"><i>alot</i><c>a lot</c></NS> of <NS type="AGN"><i>teacher</i><c>teachers</c></NS> the <NS type="AGN"><i>teacher</i><c>teachers</c></NS> have got <NS type="S"><i>experied</i><c>experienced</c></NS> about teaching I think somebody come in my college you fried want to <NS type="S"><i>studdy</i><c>study</c></NS> in my college and you want tall anyone for your college you can't tell for something but you know yourself about college you know just you love it and very like it nobody dislike it somebody tall about class rooms it very big and <NS type="S"><i>comfortible</i><c>comfortable</c></NS></NS>. For study my college <NS type="R"><i>it</i><c>is</c></NS> <NS type="RY"><i>very</i><c>really</c></NS> amazing.</p>
          <p>I think my story can <NS type="SX"><i>tall</i><c>tell</c></NS> you about my college and you <NS type="CE">think you want come For visit or you want come For study in my College It up to you I think if you came you know If you don't come you don't know. about something very good in your life</NS>.</p>
         </coded_answer>
     </answer2>
  </text>
</head></learner>
