<?xml version="1.0" encoding="UTF-8"?>
<learner><head sortkey="TR17*0100*2000*01">
  <candidate><personnel><language>Turkish</language><age>26-30</age></personnel><score>19.0</score></candidate>
  <text>
     <answer1>
       <question_number>1</question_number>
       <exam_score>2.2</exam_score>
         <coded_answer>
          <p>Dear Helen Ryan<NS type="RP"><i>;</i><c>,</c></NS></p>
          <p>I have just received your letter which <NS type="UV"><i>is</i></NS> made me so <NS type="S"><i>hapy</i><c>happy</c></NS>. I <NS type="RP"><i>can not</i><c>cannot</c></NS> <NS type="S"><i>belive</i><c>believe</c></NS> that I won first prize in your competition, because I <NS type="TV"><i>always <NS type="S"><i>belived</i><c>believed</c></NS></i><c>have always believed</c></NS> I am an <NS type="S"><i>unluky</i><c>unlucky</c></NS> man and now I think <NS type="RP"><i>somethings</i><c>some things</c></NS> are changing in my life.</p>
          <p>I would like to come in July, because I am studying English and we have <NS type="MD"><c>a</c></NS> <NS type="MP"><i>one month</i><c>one-month</c></NS> break <NS type="RT"><i>at</i><c>in</c></NS> July, so please <NS type="RV"><i>make my log cabin ready</i><c>book my log cabin</c></NS> <NS type="RT"><i>by</i><c>for</c></NS> <NS type="RP"><i>july</i><c>July</c></NS>.</p>
          <p>I <NS type="MV"><c>would</c></NS> prefer <NS type="FV"><i>stay</i><c>to stay</c></NS> in <NS type="MD"><c>a</c></NS> cabin because I <NS type="TV"><i>have</i><c>had</c></NS> some experience <NS type="RT"><i>with</i><c>of</c></NS> tents <NS type="RT"><i>from</i><c>in</c></NS> my childhood and it was not <NS type="MD"><c>a</c></NS> very good experience<NS type="MP"><c>,</c></NS> therefore I would like to stay in <NS type="MD"><c>a</c></NS> cabin.</p>
          <p>You <NS type="TV"><i>saying</i><c>say</c></NS> in your letter I <NS type="TV"><i>could</i><c>can</c></NS> do two activities from the list which <NS type="RV"><i>is</i><c>features</c></NS> <NS type="UV"><i>show</i></NS> many exciting activities.</p>
          <p>I <NS type="TV"><i>will</i><c>would</c></NS> <NS type="DY"><i>definitly</i><c>definitely</c></NS> <NS type="FV"><i>chose</i><c>choose</c></NS> <NS type="RP"><i>Basketball</i><c>basketball</c></NS> and <NS type="RP"><i>Swimming</i><c>swimming</c></NS> <NS type="S"><i>wich</i><c>which</c></NS> are <NS type="UD"><i>the</i></NS> my dream <NS type="AGN"><i>sport</i><c>sports</c></NS>. I used to <NS type="UV"><i>be</i></NS> play in <NS type="MD"><c>the</c></NS> school team when I was in high school and our team was <NS type="UD"><i>the</i></NS> one of the best <NS type="RP"><i>Basketball</i><c>basketball</c></NS> <NS type="AGN"><i>team</i><c>teams</c></NS> in <NS type="MD"><c>the</c></NS> <NS type="R"><i>all</i><c>whole</c></NS> county and I <NS type="MV"><c>am</c></NS> also very good at <NS type="RN"><i>swim</i><c>swimming</c></NS>.</p>
          <p>I would like to ask a few things, <NS type="RY"><i><NS type="DY"><i>specialy</i><c>specially</c></NS></i><c>especially</c></NS><NS type="MT"><c>about</c></NS> <NS type="MD"><c>the</c></NS> <NS type="S"><i>wheather</i><c>weather</c></NS>: <NS type="R"><i>how</i><c>what</c></NS> is the weather <NS type="MT"><c>like</c></NS> in July in the U.S.A<NS type="RP"><i>.</i><c>?</c></NS> What kind of clothes <NS type="W"><i>I will</i><c>will I</c></NS> need and how much money <NS type="W"><i>I should</i><c>should I</c></NS> take with me<NS type="RP"><i>,</i><c>?</c></NS> Because I have never been <NS type="MT"><c>to</c></NS> <NS type="MD"><c>the</c></NS> U.S.A. before <NS type="UC"><i>and</i></NS> I don't know anything <NS type="M"><c>about it.</c></NS></p>
          <p>I am looking forward to your <NS type="W"><i>reply letter</i><c>letter <NS type="MT"><c>of</c></NS> reply</c></NS>.</p>
          <p><NS type="DA"><i>Your</i><c>Yours</c></NS> sincerely</p>
         </coded_answer>
     </answer1>
     <answer2>
       <question_number>3</question_number>
       <exam_score>2.1</exam_score>
         <coded_answer>
          <p>I have never enjoyed doing shopping, but <NS type="S"><i>nowday</i><c>nowadays</c></NS> <NS type="M"><c>there are</c></NS> some people <NS type="MA"><c>who</c></NS> are <NS type="TV"><i>calling</i><c>called</c></NS> <NS type="FN"><i><NS type="S"><i>shopcholic</i><c>shopaholic</c></NS></i><c>shopaholics</c></NS>.</p>
          <p>They are just like <NS type="S"><i>alcholics</i><c>alcoholics</c></NS> and <NS type="AGD"><i>this</i><c>these</c></NS> people <NS type="W"><i>are every day <NS type="RV"><i>doing</i><c>going</c></NS> shopping</i><c><NS type="TV"><i>are going</i><c>go</c></NS> shopping every day</c></NS> because they <NS type="RP"><i>can not</i><c>cannot</c></NS> stop <NS type="DA"><i>themself</i><c>themselves</c></NS> unless they have not got money <NS type="UT"><i>for</i></NS> <NS type="FV"><i>spend</i><c>to spend</c></NS>.</p>
          <p>I <NS type="RP"><i>can not</i><c>cannot</c></NS> believe how they <NS type="TV"><i>doing</i><c>do</c></NS> this <NS type="UN"><i><NS type="AGN"><i>things</i><c>thing</c></NS></i></NS> every day, even when I need something at home I <NS type="S"><i>alway</i><c>always</c></NS> try to find <NS type="UY"><i>out</i></NS> something to use instead <NS type="U"><i>of that <NS type="AGN"><i>things</i><c>thing</c></NS></i></NS>. Because <NS type="S"><i>nowdays</i><c>nowadays</c></NS> <NS type="S"><i>whereever</i><c>wherever</c></NS> you go there is <NS type="MD"><c>a</c></NS> big queue and I hate <NS type="FV"><i>being waited</i><c>waiting</c></NS>.</p>
          <p>The <NS type="FN"><i>queue</i><c>queues</c></NS> <NS type="AGV"><i>is</i><c>are</c></NS> not <NS type="W"><i>only the</i><c>the only</c></NS> problem<NS type="MP"><i> if</i><c>. If</c></NS> you go by car there is <NS type="MD"><c>the</c></NS> <NS type="W"><i>parking problem</i><c>problem <NS type="MT"><c>of</c></NS> parking</c></NS>, if you go by bus there <NS type="AGV"><i>is</i><c>are</c></NS> <NS type="RY"><i>again</i><c>also</c></NS> <NS type="FN"><i>queue</i><c>queues</c></NS> and you have to carry <NS type="RQ"><i>many</i><c>a lot of</c></NS> <NS type="AGN"><NS type="DN"><i>carry bag</i><c>carrier bag</c></NS> carrier bags</NS> during <NS type="UD"><i>the</i></NS> your journey and you won't <NS type="W"><i>be <NS type="S"><i>alway</i><c>always</c></NS></i><c>always be</c></NS> <NS type="S"><i>luky</i><c>lucky</c></NS> <NS type="MY"><c>enough</c></NS> to find a seat <NS type="UV"><i>to <NS type="RV"><i>seat</i><c>sit</c></NS></i></NS>.</p>
          <p>If you go shopping for <NS type="UV"><i>(buy)</i></NS> clothes that is the <NS type="FJ"><i>worse</i><c>worst</c></NS> kind of shopping. <NS type="RY"><i><NS type="DY"><i>Specialy</i><c>Specially</c></NS></i><c>Especially</c></NS> if you want to buy <NS type="MN"><c>clothes</c></NS> with your girlfriend or if you are <NS type="UY"><i>already</i></NS> <NS type="MD"><c>a</c></NS> girl<NS type="MP"><c>,</c></NS> you have to be <NS type="SX"><i>read</i><c>ready</c></NS> <NS type="UT"><i>for</i></NS> <NS type="W"><i>hours to spend</i><c>to spend hours</c></NS> <NS type="FV"><i>try</i><c>trying</c></NS> on <NS type="R"><i>and off</i><c>clothes</c></NS>. I <NS type="DY"><i>realy</i><c>really</c></NS> hate <NS type="FV"><i>go</i><c>going</c></NS> shopping with girls to buy clothes because when they <NS type="TV"><i>went</i><c>go</c></NS> into a shop they want <NS type="FV"><i>try</i><c>to try</c></NS> on every single <NS type="RN"><i>cloth</i><c>item of clothing</c></NS> and they do not realise <NS type="R"><i>to</i><c>the</c></NS> time.</p>
          <p>Some people <NS type="AGV"><i>says</i><c>say</c></NS> "shopping is not <NS type="S"><i>alway</i><c>always</c></NS> enjoyable" but for me <NS type="MA"><c>it</c></NS> <NS type="MV"><c>is</c></NS> <NS type="S"><i>definity</i><c>definitely</c></NS> unenjoyable and I think it will be <NS type="MD"><c>the</c></NS> same <NS type="MT"><c>for</c></NS> <NS type="MD"><c>the</c></NS> rest of my life.</p>
         </coded_answer>
     </answer2>
  </text>
</head></learner>
