<?xml version="1.0" encoding="UTF-8"?>
<learner><head sortkey="TR461*0102*2000*01">
  <candidate><personnel><language>Greek</language><age>16-20</age></personnel><score>16.0</score></candidate>
  <text>
     <answer1>
       <question_number>1</question_number>
       <exam_score>1.3</exam_score>
         <coded_answer>
          <p>Dear Sir/Madam,</p>
          <p>I <NS type="TV"><i>take</i><c>took</c></NS> the <NS type="S"><i>dissision</i><c>decision</c></NS> to write to you because I would like to <NS type="S"><i>complaine</i><c>complain</c></NS> about <NS type="RD"><i>the</i><c>your</c></NS> theatre. I <NS type="TV"><i>write</i><c>am writing</c></NS> to you because last night I expected to <NS type="RV"><i>pass</i><c>have</c></NS> a wonderful evening and <NS type="DY"><i>unfortunatly</i><c>unfortunately</c></NS> I was <NS type="W"><i><NS type="RJ"><i>disappointing</i><c>disappointed</c></NS> <NS type="RY"><i>a <NS type="S"><i>lote</i><c>lot</c></NS></i><c>very</c></NS></i><c>very disappointed</c></NS>.</p>
          <p><NS type="RA"><i>Me</i><c>I</c></NS> and some <NS type="UQ"><i><NS type="S"><i>athers</i><c>other</c></NS></i></NS> friends <NS type="UA"><i>we</i></NS> <NS type="S"><i>disided</i><c>decided</c></NS> to <NS type="FV"><i>went</i><c>go</c></NS> to the theatre to see <NS type="RD"><i>the</i><c>a</c></NS> musical show. We <NS type="TV"><i>are</i><c>were</c></NS> <NS type="SX"><i>saw</i><c>so</c></NS> <NS type="DJ"><i><NS type="S"><i>excitment</i><c>excitement</c></NS></i><c>excited</c></NS>. We are <NS type="RT"><i>in</i><c>on</c></NS> <NS type="FN"><i>holidays</i><c>holiday</c></NS> and we <NS type="S"><i>desited</i><c>decided</c></NS> to <NS type="RV"><i><NS type="FV"><i>came</i><c>come</c></NS></i><c>go</c></NS>. We <NS type="TV"><i>never went</i><c>had never been</c></NS> <NS type="RT"><i>in</i><c>to</c></NS> <NS type="MD"><c>a</c></NS> musical show and we <NS type="TV"><i><NS type="SX"><i>thing</i><c>think</c></NS></i><c>thought</c></NS> that <NS type="MA"><c>it</c></NS> was <NS type="MD"><c>a</c></NS> <NS type="S"><i>nowe</i><c>new</c></NS> <NS type="S"><i>oportunite</i><c>opportunity</c></NS>.</p>
          <p>The title of the musical show was OVER THE RAINBOW<NS type="MP"><c>.</c></NS> The actors <NS type="AGV"><i>was</i><c>were</c></NS> 2 actors that I <NS type="R"><i>can say they play very well</i><c>know are good</c></NS>. I believe that some <NS type="S"><i>ather</i><c>other</c></NS> actors <NS type="S"><i>mabe</i><c>maybe</c></NS> made the <NS type="SX"><i>hole</i><c>whole</c></NS> <NS type="RN"><i>store</i><c>story</c></NS> <NS type="UV"><i>to be</i></NS> more interesting. You had <NS type="SX"><i>to</i><c>two</c></NS> times that you <NS type="TV"><i>can</i><c>could</c></NS> <NS type="UN"><i>people</i></NS> go. The first was very early<NS type="MP"><c>,</c></NS> at 2:30<NS type="MP"><c>,</c></NS> and the <NS type="S"><i>ather</i><c>other</c></NS> at 7:30. We went at 7:30<NS type="MP"><c>.</c></NS> Finally the musical show <NS type="S"><i>stard</i><c>started</c></NS> at 8:15. We <NS type="TV"><i><NS type="S"><i>wate</i><c>wait</c></NS></i><c>waited</c></NS> one hour. I can say that I <NS type="TV"><i>want</i><c>wanted</c></NS> to go<NS type="RP"><i>.</i><c>,</c></NS> but I <NS type="TV"><i>stay</i><c>stayed</c></NS> <NS type="RY"><i>finally</i><c>in the end</c></NS>. When we went to <NS type="RV"><i>bay</i><c>pay</c></NS> <NS type="MT"><c>for</c></NS> the tickets there <NS type="MV"><c>were</c></NS> no discounts and we <NS type="TV"><i>are</i><c>were</c></NS> 6 people <NS type="MT"><c>in</c></NS> all.</p>
          <p>When the show finished<NS type="MP"><c>,</c></NS> we went to the restaurant and <NS type="MA"><c>it</c></NS> was closed because the people who <NS type="S"><i>whork</i><c>work</c></NS> <NS type="S"><i>ther</i><c>there</c></NS> <NS type="UA"><i>they</i></NS> don't <NS type="S"><i>wark</i><c>work</c></NS> if they don't <NS type="M"><c>get their</c></NS> pay first.</p>
          <p>I <NS type="MV"><c>was</c></NS> <NS type="W"><i><NS type="RJ"><i><NS type="S"><i>dissapointing</i><c>disappointing</c></NS></i><c>disappointed</c></NS> so</i><c>so disappointed</c></NS> <NS type="UY"><i><NS type="SX"><i>mush</i><c>much</c></NS></i></NS> because <NS type="RA"><i>all</i><c>everything</c></NS> went wrong that night. <NS type="RA"><i><NS type="DA"><i>My</i><c>Me</c></NS></i><c>I</c></NS> and my friends <NS type="UA"><i>we</i></NS> <NS type="TV"><i>were</i><c>would be</c></NS> <NS type="R"><i>abrisled</i><c>obliged</c></NS> if you <NS type="TV"><i>gave</i><c>would give</c></NS> us <NS type="MY"><c>back</c></NS> some of the <NS type="SX"><i>many</i><c>money</c></NS> we <NS type="TV"><i>pay</i><c>paid</c></NS>. I <NS type="UV"><i>would</i></NS> <NS type="RV"><i><NS type="TV"><i>expected</i><c>expect</c></NS></i><c>look forward to</c></NS> your answer<NS type="MP"><c>.</c></NS></p>
          <p><NS type="DA"><i>Your</i><c>Yours</c></NS> <NS type="RY"><i>sincerely</i><c>faithfully</c></NS>, </p>
         </coded_answer>
     </answer1>
     <answer2>
       <question_number>4</question_number>
       <exam_score>1.3</exam_score>
         <coded_answer>
          <p>We are in the <NS type="W"><i>2000 year</i><c>year 2000</c></NS>. People <NS type="CE">past 1000 years from the day that excisted <NS type="RT"><i>in</i><c>on</c></NS> <NS type="UD"><i>the</i></NS> <NS type="RP"><i>earth</i><c>Earth</c></NS></NS>. Humans <NS type="UJ"><i>past</i></NS> <NS type="MV"><c>have done</c></NS> many things <NS type="RP"><i><NS type="S"><i>Throu</i><c>Through</c></NS></i><c>through</c></NS> the years <NS type="MC"><c>and</c></NS> made <NS type="W"><i><NS type="S"><i>posipole</i><c>possible</c></NS> many things</i><c>many things possible</c></NS>. They <NS type="TV"><i><NS type="S"><i>invended</i><c>invented</c></NS></i><c>have invented</c></NS> so many things that <NS type="TV"><i>made</i><c>have made</c></NS> <NS type="UD"><i>the</i></NS> life more interesting and <NS type="IJ"><i>more <NS type="S"><i>ezier</i><c>easier</c></NS></i><c>easier</c></NS>.</p>
          <p>Now we are in <NS type="RD"><i>a</i><c>the</c></NS> 20th <NS type="S"><i>centure</i><c>century</c></NS> <NS type="UY"><i><NS type="SX"><i>were</i><c>where</c></NS></i></NS> <NS type="M"><c>in which</c></NS> people <NS type="TV"><i>went</i><c>have been</c></NS> to the <NS type="S"><i>moun</i><c>moon</c></NS> and <NS type="S"><i>discavered</i><c>discovered</c></NS> <NS type="S"><i>madesons</i><c>medicines</c></NS> <NS type="RT"><i><NS type="S"><i>aboute</i><c>about</c></NS></i><c>for</c></NS> <NS type="RJ"><i><NS type="S"><i>siriale</i><c>serial</c></NS></i><c>serious</c></NS> <NS type="S"><i>illneses</i><c>illnesses</c></NS><NS type="RP"><i>,</i><c>.</c></NS> <NS type="W"><i>In that <NS type="RN"><i>year</i><c>century</c></NS> I live</i><c>I live in that century</c></NS> too. I believe that I am <NS type="SX"><i>lake</i><c>like</c></NS> that <NS type="M"></NS> <NS type="MP"><c>,</c></NS> I belong to that <NS type="S"><i>centure</i><c>century</c></NS>. I couldn't ever <NS type="FV"><i>thought</i><c>think</c></NS> <NS type="MT"><c>of</c></NS> <NS type="RP"><i>my self</i><c>myself</c></NS> <NS type="FV"><i>to live</i><c>living</c></NS> <NS type="SX"><i>same</i><c>some</c></NS> years before <NS type="RY"><i><NS type="SX"><i>wear</i><c>where</c></NS></i><c>when</c></NS> people <NS type="TV"><i>don't</i><c>didn't</c></NS> travel <NS type="RT"><i>with</i><c>by</c></NS> <NS type="FN"><i><NS type="SX"><i>plains</i><c>planes</c></NS></i><c>plane</c></NS>, <NS type="FN"><i>ships</i><c>ship</c></NS> and <NS type="FN"><i>cars</i><c>car</c></NS>.</p>
          <p>I believe <NS type="UD"><i>the</i></NS> modern <NS type="S"><i>techonology</i><c>technology</c></NS> <NS type="UV"><i>can</i></NS> <NS type="TV"><i>changed</i><c>has changed</c></NS> everyone<NS type="MP"><c>,</c></NS> <NS type="S"><i>especiale</i><c>especially</c></NS> now with <NS type="FN"><i>computer</i><c>computers</c></NS> and all the <NS type="S"><i>athers</i><c>other</c></NS> <NS type="S"><i>machins</i><c>machines</c></NS>. Personally<NS type="MP"><c>,</c></NS> <NS type="M"></NS> modern technology <NS type="TV"><i>change</i><c>has changed</c></NS> me a lot. First I <NS type="RV"><i>can</i><c>want</c></NS> <NS type="RV"><i><NS type="FV"><i>say</i><c>to say</c></NS></i><c>to talk</c></NS> about the <NS type="S"><i>combuter</i><c>computer</c></NS>. Before<NS type="MP"><c>,</c></NS> I used <NS type="SX"><i>same</i><c>some</c></NS> <NS type="S"><i>ather</i><c>other</c></NS> ways to <NS type="RV"><i>take</i><c>get</c></NS> information or play or <NS type="S"><i>comunicate</i><c>communicate</c></NS> with people. Now <NS type="W"><i>all this I can do</i><c>I can do all this</c></NS> <NS type="UA"><i>it</i></NS> <NS type="RT"><i>from</i><c>with</c></NS> the computer. I can spend so many <NS type="SX"><i>ours</i><c>hours</c></NS> because day by day I <NS type="TV"><i><NS type="S"><i>discavered</i><c>discovered</c></NS></i><c>discover</c></NS> new things. <NS type="S"><i>Maby</i><c>Maybe</c></NS> <NS type="MA"><c>it</c></NS> is not good because you don't have the <NS type="S"><i>oportunite</i><c>opportunity</c></NS> to <NS type="S"><i>meed</i><c>meet</c></NS> people and talk <NS type="MP"><i>face <NS type="RT"><i>by</i><c>to</c></NS> face</i><c>face-to-face</c></NS><NS type="MP"><c>.</c></NS> <NS type="R"><i><NS type="S"><i>Exepted</i><c>Excepted</c></NS></i><c>Apart</c></NS> from computers we have <NS type="MD"><c>the</c></NS> telephone, <NS type="UP"><i>T.V</i><c>TV</c></NS>, <NS type="MC"><c>and</c></NS> <NS type="DN"><i><NS type="S"><i>gymnastick</i><c>gymnastic</c></NS> <NS type="SA"><i>centers</i><c>centres</c></NS></i><c>gyms</c></NS>. All <NS type="MT"><c>of</c></NS> <NS type="AGA"><i>this</i><c>these</c></NS> are <NS type="M"></NS> in my life.</p>
          <p>About the <NS type="UP"><i>T.V</i><c>TV</c></NS><NS type="RP"><i>.</i><c>,</c></NS> I <NS type="U"><i>ingoing</i></NS> spend many <NS type="SX"><i>ours</i><c>hours</c></NS> in <NS type="M"><c>front of the</c></NS> <NS type="UP"><i>T.V</i><c>TV</c></NS>. It <NS type="RV"><i>makes</i><c>helps</c></NS> me to <NS type="S"><i>relaxe</i><c>relax</c></NS> and <NS type="RV"><i>stay</i><c>spend</c></NS> <NS type="SX"><i>same</i><c>some</c></NS> hours <NS type="SX"><i>along</i><c>alone</c></NS>. <NS type="CE">Exactly <NS type="IV"><i>happend</i><c>happened</c></NS> and with telephone</NS>.</p>
          <p>About the <NS type="DN"><i><NS type="S"><i>gymnastick</i><c>gymnastic</c></NS> <NS type="SA"><i>centers</i><c>centres</c></NS></i><c>gyms</c></NS><NS type="RP"><i>.</i><c>,</c></NS> I <NS type="RV"><i><NS type="TV"><i>found</i><c>find</c></NS></i><c>like</c></NS> <NS type="AGA"><i>it</i><c>them</c></NS> very <NS type="RY"><i>well</i><c>much</c></NS><NS type="MP"><c>.</c></NS> <NS type="AGD"><i>That</i><c>Those</c></NS> <NS type="FN"><i>place</i><c>places</c></NS> have so many machines that you can <NS type="DY"><i><NS type="S"><i>eazy</i><c>easy</c></NS></i><c>easily</c></NS> <NS type="RV"><i>loose</i><c>lose</c></NS> <NS type="RN"><i>fat</i><c>weight</c></NS> and <NS type="RV"><i><NS type="FV"><i>made</i><c>make</c></NS></i><c>develop</c></NS> a wonderful body. In <NS type="AGD"><i>that</i><c>those</c></NS> places you can meet people.</p>
          <p>Now<NS type="MP"><c>,</c></NS> <NS type="U"><i>if we <NS type="TV"><i>made</i><c>make</c></NS> a</i></NS> <NS type="MT"><c>in</c></NS> <NS type="S"><i>conclution</i><c>conclusion</c></NS> we can see<NS type="MP"><c>,</c></NS> or I can see<NS type="MP"><c>,</c></NS> that <NS type="S"><i>mapy</i><c>maybe</c></NS> I <NS type="RV"><i>don't</i><c>am not</c></NS> <NS type="UV"><i>be</i></NS> <NS type="MD"><c>a</c></NS> <NS type="RY"><i>so</i><c>very</c></NS> <NS type="S"><i>sociaple</i><c>sociable</c></NS> person <NS type="SX"><i>bad</i><c>but</c></NS> I can do <NS type="RP"><i>what ever</i><c>whatever</c></NS> I want and take <NS type="RP"><i>what ever</i><c>whatever</c></NS> I want only <NS type="RT"><NS type="S"><i>throu</i><c>through</c></NS></NS> <NS type="UD"><i>the</i></NS> technology<NS type="MP"><c>.</c></NS></p>
          <p>I can say that modern technology <NS type="TV"><i>changed</i><c>has changed</c></NS> my life.</p>
         </coded_answer>
     </answer2>
  </text>
</head></learner>
