<?xml version="1.0" encoding="UTF-8"?>
<learner><head sortkey="TR492*0102*2000*01">
  <candidate><personnel><language>Turkish</language><age>21-25</age></personnel><score>26.0</score></candidate>
  <text>
     <answer1>
       <question_number>1</question_number>
       <exam_score>3.2</exam_score>
         <coded_answer>
          <p>Dear Sir or Madam,</p>
          <p>I am writing to complain about your <NS type="UJ"><i>musical</i></NS> show. We had a very disappointing evening yesterday. We thought that we would like to let you know all <NS type="MD"><c>the</c></NS> details <NS type="MT"><c>of</c></NS> <NS type="RA"><i>which</i><c>what</c></NS> <NS type="UA"><i>it</i></NS> <NS type="R"><i>didn't make us happy</i><c>went wrong</c></NS>.</p>
          <p>First of all, we went to the <NS type="SA"><i><NS type="S"><i>theather</i><c>theater</c></NS></i><c>theatre</c></NS> to pick up our tickets. We were thinking <NS type="M"><c>we would</c></NS> <NS type="FV"><i>to get</i><c>get</c></NS> <NS type="RD"><i>some</i><c>a</c></NS> discount on our tickets, because we had <NS type="UY"><i>already</i></NS> read <NS type="MA"><c>this</c></NS> <NS type="RT"><i>from</i><c>in</c></NS> the advertisement but they didn't discount the prices so we had to pay <NS type="MD"><c>the</c></NS> <NS type="RJ"><i>complete</i><c>full</c></NS> <NS type="RN"><i>money</i><c>price</c></NS> for the show. We were ready for the show at 19.30. We sat <NS type="MT"><c>in</c></NS> <NS type="SX"><i>out</i><c>our</c></NS> <NS type="SX"><i>sits</i><c>seats</c></NS> and waited for the show but it didn't <NS type="RV"><i>come out</i><c>start</c></NS> on time, it started at 20.15 which was <NS type="MD"><c>a</c></NS> <NS type="S"><i>redicoulus</i><c>ridiculous</c></NS> time. We waited for 45 minutes.</p>
          <p>Secondly, when the show started, I was looking for Danny Brook, because this actor was the most important reason for me <NS type="RV"><i>to come</i><c>to see</c></NS> <NS type="R"><i>here</i><c>the show</c></NS>. I realised that it was <NS type="MD"><c>a</c></NS> different actor playing instead of Danny <NS type="RP"><i>brook</i><c>Brook</c></NS>. I was very disappointed. After <NS type="MD"><c>the</c></NS> show we went immediately to the <NS type="FN"><i>tickets</i><c>ticket</c></NS> office <NS type="UT"><i>for</i></NS> <NS type="FV"><i>asking</i><c>to ask</c></NS> <NS type="MT"><c>for</c></NS> <NS type="MD"><c>our</c></NS> money back, but they were <NS type="SX"><i>to</i><c>too</c></NS> strict and <NS type="RJ"><i><NS type="RJ"><i>close</i><c>small</c></NS>-minded</i><c>intransigent</c></NS>. They just said, "<NS type="RP"><i>we</i><c>We</c></NS> don't give money back."</p>
          <p><NS type="RY"><i>However</i><c>Next</c></NS> we wanted to eat something at the Theatre Restaurant, but it was again <NS type="R"><i><NS type="MD"><c>the</c></NS> same <NS type="R"><i>with</i><c>as</c></NS> the others</i><c>a disappointment</c></NS>, because the restaurant was closed.</p>
          <p>Finally, we had a totally <NS type="RJ"><i>unhappy</i><c>miserable</c></NS> night <NS type="RT"><i>with</i><c>at</c></NS> your show. You can't take this bad feeling <NS type="RY"><i>back</i><c>away</c></NS> but you might give us our money back. This would be the first good <NS type="RN"><i>memory</i><c>thing</c></NS> for us <NS type="MV"><c>to come</c></NS> from your show.</p>
          <p>We look forward to hearing from you.</p>
          <p>Yours faithfully,</p>
          <p>Mr. and Mrs. Smythe</p>
         </coded_answer>
     </answer1>
     <answer2>
       <question_number>4</question_number>
       <exam_score>3.2</exam_score>
         <coded_answer>
          <p>People<NS type="UP"><i>,</i></NS> who <NS type="AGV"><i>lives</i><c>live</c></NS> in the city<NS type="UP"><i>,</i></NS> use lots of technological stuff. They make their <NS type="RP"><i>life style</i><c>lifestyle</c></NS> much <NS type="FJ"><i>easy</i><c>easier</c></NS> <NS type="MC"><c>and</c></NS> <NS type="IJ"><i>more fast</i><c>faster</c></NS> <NS type="R">because they need to catch up with <NS type="UD"><i>the</i></NS> other people</NS>.</p>
          <p>In the <NS type="MP"><i>twenty first</i><c>twenty-first</c></NS> century<NS type="MP"><c>,</c></NS> things are changing very fast. If we look at <NS type="UD"><i>a</i></NS> family life<NS type="RP"><i>. They</i><c>, they</c></NS> have <NS type="W"><i>typical <NS type="AGD"><i>this</i><c>these</c></NS> <NS type="FN"><i>time</i><c>times</c></NS> <NS type="RP"><i>life style</i><c>lifestyle</c></NS></i><c><NS type="MD"><c>a</c></NS> lifestyle <NS type="M"><c>which is</c></NS> typical <NS type="MT"><c>of</c></NS> these times</c></NS>. Children have <NS type="MD"><c>their</c></NS> own televisions, computers and telephones in their room. Mother and Father have <NS type="MD"><c>their</c></NS> own cars and mobile phones. Sometimes even the children have <NS type="MD"><c>their</c></NS> own mobile phone as well. <NS type="W"><i>Full of technological tools and instruments <NS type="UT"><i>in</i></NS> the house</i><c>The house <NS type="MV"><c>is</c></NS> full of technological tools and instruments</c></NS><NS type="RP"><i>. Fire</i><c>: fire</c></NS> alarm, burglar alarm, house temperature <NS type="RN"><i>checker</i><c>gauge</c></NS>, automatic garage door<NS type="MP"><c>,</c></NS> <NS type="R"><i>many of them</i><c>etc</c></NS>. They use all of this because they want to do their work<NS type="UP"><i>,</i></NS> and leisure activities with <NS type="R"><i><NS type="AGD"><i>this</i><c>these</c></NS> helping kits</i><c>the help of these devices</c></NS>.</p>
          <p><NS type="RT"><i>In</i><c>On</c></NS> the other hand, <NS type="SX"><i>thy</i><c>they</c></NS> use all this too much. For example <NS type="RD"><i>a</i><c>the</c></NS> mobile phone<NS type="RP"><i>;</i><c>:</c></NS> <NS type="RP"><i>People</i><c>people</c></NS> talk <NS type="RT"><i>with</i><c>on</c></NS> it on the street, in the car<NS type="MP"><c>,</c></NS> almost everywhere. Some of them <NS type="R"><i><NS type="S"><i>necessiraly</i><c>necessarily</c></NS></i><c>because they need to</c></NS><NS type="MP"><c>,</c></NS> some of them not. <NS type="M"><i>Just</i><c>They are just</c></NS> <NS type="S"><i>wersting</i><c>wasting</c></NS> time on it. They don't even think how they <NS type="RV"><i>take</i><c>make</c></NS> the communication lines <NS type="UV"><i>are</i></NS> busy<NS type="RP"><i>, how</i><c>. How</c></NS> many people <NS type="MV"><c>are</c></NS> on the phone at <NS type="MD"><c>the</c></NS> same time<NS type="RP"><i>.</i><c>?</c></NS> Too many<NS type="MP"><c>.</c></NS></p>
          <p>Anyway<NS type="MP"><c>,</c></NS> technology is the most important thing <NS type="RT"><i>for</i><c>in</c></NS> our life. It <NS type="S"><i>developes</i><c>develops</c></NS> day by day. The problem is<NS type="MP"><c>,</c></NS> <NS type="UP"><i>"</i></NS><NS type="RP"><i>Do</i><c>do</c></NS> we really use it properly or not?<NS type="UP"><i>"</i></NS></p>
         </coded_answer>
     </answer2>
  </text>
</head></learner>
