<?xml version="1.0" encoding="UTF-8"?>
<learner><head sortkey="TR524*0100*2000*02">
  <candidate><personnel><language>Greek</language><age>26-30</age></personnel><score>27.00</score></candidate>
  <text>
     <answer1>
       <question_number>1</question_number>
       <exam_score>2.3T</exam_score>
         <coded_answer>
          <p>Dear Mr Robertson.</p>
          <p>I am writing to express the <NS type="SX"><i>deserve</i><c>desire</c></NS> of all <NS type="MD"><c>the</c></NS> students in my class to visit the LONDON FASHION AND LEISURE SHOW at <NS type="MD"><c>the</c></NS> Central Exhibition Hall, on Tuesday 14 March.</p>
          <p>All <NS type="MD"><c>the</c></NS> students have seen an advertisement for that and they would like to go to the show. I think that will be <NS type="MD"><c>a</c></NS> very good <NS type="RN"><i>programme</i><c>event</c></NS><NS type="RP"><i>.</i><c>,</c></NS> especially the part <NS type="RT"><i>of</i><c>about</c></NS> the Latest Fashions, because <NS type="MA"><c>it</c></NS> is something which <NS type="AGV"><i>affect</i><c>affects</c></NS> <NS type="UD"><i>the</i></NS> people of all ages today.</p>
          <p>But also the <NS type="R"><i>rest</i><c>other</c></NS> parts of the show <NS type="AGV"><i>seems</i><c>seem</c></NS> to be very interesting. Leisure and Sports Wear is very interesting. I think that young people are affected <NS type="RT"><i>from</i><c>by</c></NS> that in the way they <NS type="TV"><i>dressed</i><c>dress</c></NS>.</p>
          <p><NS type="MP"><i>Make up</i><c>Make-up</c></NS> and Hairstyles are also very important<NS type="MP"><c>,</c></NS> especially For our class, because <NS type="UD"><i>the</i></NS> most <NS type="M"><c>of the</c></NS> students <NS type="RT"><i>of</i><c>in</c></NS> our class are girls. The girls are <NS type="W"><i><NS type="RJ"><i>interesting</i><c>interested</c></NS> more</i><c>more interested</c></NS> than boys<NS type="UP"><i>,</i></NS> <NS type="RT"><i>For</i><c>in</c></NS> <NS type="MP"><i>make up</i><c>make-up</c></NS> and <NS type="FN"><i>hairstyle</i><c>hairstyles</c></NS><NS type="UP"><i>.</i></NS> and they want to know all the latest news about these <NS type="MN"><c>things</c></NS>.</p>
          <p>I know that for Tuesday 14 March you have already <NS type="TV"><i>organise</i><c>organised</c></NS> the programme<NS type="MP"><c>,</c></NS> which <NS type="TV"><i>including</i><c>includes</c></NS> for <NS type="MD"><c>the</c></NS> morning a visit to <NS type="MD"><c>the</c></NS> Science Museum and For <NS type="MD"><c>the</c></NS> afternoon shopping but we can change that as Follows:</p>
          <p>Tuesday morning until 15.00 visit to Science Museum</p>
          <p>Tuesday afternoon from 1600 to 1900 visit to THE LONDON FASHION AND LEISURE SHOW.</p>
          <p>Thank you very much. I <NS type="UV"><i>am</i></NS> apologise For any <NS type="S"><i>incovenience</i><c>inconvenience</c></NS><NS type="UP"><i>.</i></NS> and I am waiting for your reply.</p>
          <p>Yours <NS type="DY"><i>sincerelly</i><c>sincerely</c></NS></p>
         </coded_answer>
     </answer1>
     <answer2>
       <question_number>2</question_number>
       <exam_score>3.3</exam_score>
         <coded_answer>
          <p>Famous people, such as politicians and Film stars, deserve to have a private life without journalists Following them all the time.</p>
          <p>I think that they have <NS type="MD"><c>a</c></NS> right because<NS type="UP"><i>,</i></NS> they are also people like <NS type="W"><i>me or like you</i><c>you or like me</c></NS> and they should have <NS type="MD"><c>a</c></NS> private life. <NS type="MD"><i>Private</i><c>A private</c></NS> life is very important <NS type="RT"><i>to</i><c>for</c></NS> <NS type="RA"><i>anyone</i><c>everyone</c></NS>, because your job <NS type="AGV"><i>create</i><c>creates</c></NS> <NS type="UA"><i>you</i></NS> stress and you should rest<NS type="R"><i>,</i><c> and</c></NS> <NS type="RV"><i>charge</i><c>recharge</c></NS> your batteries For the next day.</p>
          <p>If journalists <NS type="MV"><c>are</c></NS> following <NS type="ID"><i>you step by step</i><c>your every step</c></NS> <NS type="MA"><c>it</c></NS> is difficult to have a private life.</p>
          <p>On the other hand<NS type="RP"><i>.</i><c>,</c></NS> I believe that Journalists <NS type="MV"><c>are</c></NS> doing their <NS type="RN"><i>work</i><c>job</c></NS>, but sometimes they try to impress their boss and <NS type="M"><c>they are</c></NS> always<NS type="UP"><i>. Following</i><c> following</c></NS> <NS type="UD"><i>the</i></NS> Famous people in order to discover something new <NS type="RT"><i>of</i><c>about</c></NS> their <NS type="IN"><i>lifes</i><c>lives</c></NS>.</p>
          <p>Another thing is the pressure<NS type="UP"><i>. From</i><c> from</c></NS> <NS type="DN">media owners</NS> and the difficulty For someone to Find <NS type="MD"><c>a</c></NS> job <NS type="R"><i>in our</i><c>these</c></NS> days.</p>
          <p><NS type="DN">Media owners</NS> want to maximize their profits and always press the journalists to Find something new.</p>
          <p>To conclude journalists should <NS type="FV"><i>doing</i><c>do</c></NS> their work but without <NS type="DV"><i>annoyance</i><c>annoying</c></NS> <NS type="U"><i>to the</i></NS> other people. <NS type="MD"><i>Private</i><c>A private</c></NS> life is <NS type="W"><i>right to <NS type="RA"><i>anyone</i><c>everyone</c></NS></i><c>everyone's right</c></NS> and <NS type="W"><i>all we should</i><c>we should all</c></NS> respect <NS type="RA"><i>it</i><c>that</c></NS>.</p>
         </coded_answer>
     </answer2>
  </text>
</head></learner>
