<?xml version="1.0" encoding="UTF-8"?>
<learner><head sortkey="TR635*0100*2000*01">
  <candidate><personnel><language>Thai</language><age>16-20</age></personnel><score>31.0</score></candidate>
  <text>
     <answer1>
       <question_number>1</question_number>
       <exam_score>4.3</exam_score>
         <coded_answer>
          <p>I'm very <NS type="DJ"><i>please</i><c>pleased</c></NS> to <NS type="FV"><i><NS type="S"><i>recived</i><c>received</c></NS></i><c> receive</c></NS> <NS type="AGD"><i>these</i><c>this</c></NS> prize. Thank you very much.</p>
          <p>The only time I can travel to <NS type="MD"><c>the</c></NS> U.S.A is in July, because that is the only time I can leave my work. Other <NS type="AGN"><i>worker</i><c>workers</c></NS> are <NS type="RV">taking on</NS> other <NS type="AGN"><i>month</i><c>months</c></NS> so there is only July that is <NS type="S"><i>availible</i><c>available</c></NS> for me.</p>
          <p>About the accommodation at Camp California, I would like to stay in a <NS type="AGN"><i>tents</i><c>tent</c></NS>. I'm a very <NS type="RP"><i>out door</i><c>outdoor</c></NS> person, who <NS type="AGN"><i>like</i><c>likes</c></NS> to go camping and hiking, so <NS type="UV"><i>staying in</i></NS> a <NS type="AGN"><i>tents</i><c>tent</c></NS> is like a second home to me.</p>
          <p>The two activities that I <NS type="RV"><i>could</i><c>would</c></NS> like to do are Tennis and Climbing. I'm very good at tennis, and I was a <NS type="S"><i>profeshional</i><c>professional</c></NS> tennis player. I won the U.S. Open and the French open in 1986 and 1988. <NS type="DY"><i>Unforgivly</i><c>Unforgivably</c></NS>, my climbing skill is <NS type="RA"><i><NS type="RP"><i>no where</i><c>nowhere</c></NS></i><c>nothing</c></NS> like my tennis skill, but I <NS type="S"><i>alway</i><c>always</c></NS> love climbing. I'm <NS type="S"><i>afrade</i><c>afraid</c></NS> of <NS type="S"><i>hights</i><c>heights</c></NS> and <NS type="UY"><i><NS type="RP"><i>eversince</i><c>ever since</c></NS></i></NS> I <NS type="TV"><i><NS type="S"><i>alway</i><c>always</c></NS> want</i><c>have always wanted</c></NS> to <NS type="S"><i>conqure</i><c>conquer</c></NS> that fear!</p>
          <p>At this point, I would like to know which <NS type="RP"><i>air line</i><c>airline</c></NS> I will be <NS type="IV"><i>traveling</i><c>travelling</c></NS> <NS type="RT"><i>in</i><c>on</c></NS> and if it <NS type="MV"><c>is</c></NS> possible can you send me more information about <NS type="UD"><i>the</i></NS> Camp California. Also I would like to know how long I will be staying at this camp so I can <NS type="RV"><i>prepare</i><c>decide</c></NS> how much money I'm going to need and how many clothes I'm going to take.</p>
          <p>I would like to thank you again for the prize that you <NS type="TV"><i>give</i><c>have given</c></NS> me.</p>
         </coded_answer>
     </answer1>
     <answer2>
       <question_number>2</question_number>
       <exam_score>3.2</exam_score>
         <coded_answer>
          <p>Filming <NS type="UT"><i>about</i></NS> life at school <NS type="AGV"><i>mean</i><c>means</c></NS> filming <NS type="MD"><c>the</c></NS> <NS type="MP"><i>students</i><c>students'</c></NS> <NS type="RN"><i>acts</i><c>actions</c></NS> and <NS type="S"><i>behaveare</i><c>behaviour</c></NS>. We need to show what <NS type="MP"><i>students</i><c>students'</c></NS> interests <NS type="R"><i>in</i><c>are</c></NS> and which <NS type="FN"><i>subject</i><c>subjects</c></NS> <NS type="MA"><c>they</c></NS> are interested <NS type="MT"><c>in</c></NS>.</p>
          <p>I think Science <NS type="AGV"><i>are</i><c>is</c></NS> one of the interesting <NS type="AGN"><i>subject</i><c>subjects</c></NS> in school. It is very interesting and fun <NS type="R">with the</NS> <NS type="S"><i>experement</i><c>experiment</c></NS>. <NS type="FN"><i>Lot and lot</i><c>Lots and lots</c></NS> of <NS type="S"><i>experements</i><c>experiments</c></NS> <NS type="UA"><i>which</i></NS> <NS type="RV"><i>give out</i><c>produce</c></NS> <NS type="SX"><i>quit</i><c>quite</c></NS> <NS type="UD"><i>an</i></NS> <NS type="DJ"><i>interest</i><c>interesting</c></NS> and amazing results and I think Science is very useful in life. We can see a lot of <NS type="DJ"><i>interest</i><c>interested</c></NS> faces <NS type="RT"><i>on</i><c>among</c></NS> the students <NS type="S"><i>wile</i><c>while</c></NS> we <NS type="MV"><c>are</c></NS> filming them. Also it <NS type="MV"><c>is</c></NS> not a very easy subject so we can capture other <NS type="MP"><i>students</i><c>students'</c></NS> faces in <NS type="DN"><i>confuse</i><c>confusion</c></NS> and <NS type="RN"><i><NS type="S"><i>puzzal</i><c>puzzle</c></NS></i><c>puzzlement</c></NS>.</p>
          <p>Also drama is one of the most fun and <NS type="DJ"><i>interest</i><c>interesting</c></NS> <NS type="AGN"><i>subject</i><c>subjects</c></NS>. We can see students expressing their <NS type="FN"><i>feeling</i><c>feelings</c></NS>, wonderful and <NS type="S"><i>excitting</i><c>exciting</c></NS> story that the student made up or from a <NS type="SX"><i>will</i><c>well</c></NS> <NS type="MP"><i><NS type="TV"><i>know</i><c>known</c></NS></i><c>well-known</c></NS> story.</p>
          <p>Another <NS type="S"><i>excitting</i><c>exciting</c></NS> subject which most of the students <NS type="AGV"><i>likes</i><c>like</c></NS> very much is P.E. Many students like to play sports. (I'm one of them). It <NS type="MV"><c>would be</c></NS> a good idea to have that in. Plus you can use me as <NS type="RD"><i>a</i><c>the</c></NS> main person because I'm very good at it.</p>
          <p>We can also film life after school. After school activities <NS type="AGV"><i>is</i><c>are</c></NS> one of the main <NS type="AGN"><i>thing</i><c>things</c></NS> in school. There are <NS type="AGN"><i>lot</i><c>lots</c></NS> of <NS type="DJ"><i>interest</i><c>interesting</c></NS> activities doing <NS type="R"><i>on</i><c>things</c></NS> such as<NS type="UP"><i>,</i></NS> painting, swimming, football, basketball, reading, drama, and much much more. We can capture bits of each <NS type="AGN"><i>activities</i><c>activity</c></NS> and <NS type="FV"><i>used</i><c>use</c></NS> <NS type="AGA"><i>it</i><c>them</c></NS> as <NS type="UD"><i>a</i></NS> <NS type="RN">finish clips</NS> for our film. </p>
         </coded_answer>
     </answer2>
  </text>
</head></learner>
